# year,month,aao,ao,atl,mei,nao,pna,psa1,scand
1958,1,1.00000000e+00,-1.00000000e+00,1.00000000e+00,1.00000000e+00,1.00000000e+00,1.00000000e+00,1.00000000e+00,-1.00000000e+00
1958,2,-1.00000000e+00,-1.00000000e+00,1.00000000e+00,1.00000000e+00,1.00000000e+00,1.00000000e+00,-1.00000000e+00,-1.00000000e+00
1958,3,-1.00000000e+00,-1.00000000e+00,-1.00000000e+00,1.00000000e+00,1.00000000e+00,-1.00000000e+00,-1.00000000e+00,-1.00000000e+00
1958,4,-1.00000000e+00,1.00000000e+00,1.00000000e+00,1.00000000e+00,-1.00000000e+00,1.00000000e+00,1.00000000e+00,1.00000000e+00
1958,5,-1.00000000e+00,-1.00000000e+00,1.00000000e+00,1.00000000e+00,1.00000000e+00,1.00000000e+00,1.00000000e+00,-1.00000000e+00
1958,6,1.00000000e+00,-1.00000000e+00,-1.00000000e+00,1.00000000e+00,1.00000000e+00,1.00000000e+00,-1.00000000e+00,-1.00000000e+00
1958,7,-1.00000000e+00,-1.00000000e+00,-1.00000000e+00,1.00000000e+00,1.00000000e+00,1.00000000e+00,1.00000000e+00,1.00000000e+00
1958,8,1.00000000e+00,-1.00000000e+00,-1.00000000e+00,1.00000000e+00,1.00000000e+00,1.00000000e+00,1.00000000e+00,-1.00000000e+00
1958,9,1.00000000e+00,1.00000000e+00,-1.00000000e+00,-1.00000000e+00,-1.00000000e+00,-1.00000000e+00,1.00000000e+00,1.00000000e+00
1958,10,-1.00000000e+00,1.00000000e+00,1.00000000e+00,1.00000000e+00,-1.00000000e+00,-1.00000000e+00,1.00000000e+00,1.00000000e+00
1958,11,1.00000000e+00,1.00000000e+00,-1.00000000e+00,1.00000000e+00,-1.00000000e+00,-1.00000000e+00,1.00000000e+00,1.00000000e+00
1958,12,1.00000000e+00,-1.00000000e+00,-1.00000000e+00,1.00000000e+00,1.00000000e+00,1.00000000e+00,-1.00000000e+00,-1.00000000e+00
1959,1,1.00000000e+00,-1.00000000e+00,-1.00000000e+00,1.00000000e+00,1.00000000e+00,-1.00000000e+00,-1.00000000e+00,-1.00000000e+00
1959,2,1.00000000e+00,1.00000000e+00,-1.00000000e+00,1.00000000e+00,-1.00000000e+00,-1.00000000e+00,-1.00000000e+00,1.00000000e+00
1959,3,1.00000000e+00,1.00000000e+00,-1.00000000e+00,1.00000000e+00,-1.00000000e+00,1.00000000e+00,-1.00000000e+00,1.00000000e+00
1959,4,1.00000000e+00,1.00000000e+00,-1.00000000e+00,1.00000000e+00,-1.00000000e+00,-1.00000000e+00,-1.00000000e+00,-1.00000000e+00
1959,5,-1.00000000e+00,-1.00000000e+00,1.00000000e+00,1.00000000e+00,-1.00000000e+00,-1.00000000e+00,1.00000000e+00,1.00000000e+00
1959,6,-1.00000000e+00,-1.00000000e+00,1.00000000e+00,1.00000000e+00,-1.00000000e+00,1.00000000e+00,1.00000000e+00,-1.00000000e+00
1959,7,-1.00000000e+00,1.00000000e+00,1.00000000e+00,-1.00000000e+00,-1.00000000e+00,-1.00000000e+00,-1.00000000e+00,1.00000000e+00
1959,8,-1.00000000e+00,-1.00000000e+00,1.00000000e+00,1.00000000e+00,1.00000000e+00,-1.00000000e+00,-1.00000000e+00,-1.00000000e+00
1959,9,1.00000000e+00,-1.00000000e+00,1.00000000e+00,1.00000000e+00,-1.00000000e+00,1.00000000e+00,-1.00000000e+00,1.00000000e+00
1959,10,-1.00000000e+00,-1.00000000e+00,-1.00000000e+00,-1.00000000e+00,-1.00000000e+00,1.00000000e+00,1.00000000e+00,1.00000000e+00
1959,11,1.00000000e+00,-1.00000000e+00,-1.00000000e+00,-1.00000000e+00,-1.00000000e+00,1.00000000e+00,-1.00000000e+00,-1.00000000e+00
1959,12,1.00000000e+00,1.00000000e+00,-1.00000000e+00,-1.00000000e+00,-1.00000000e+00,1.00000000e+00,-1.00000000e+00,-1.00000000e+00
1960,1,-1.00000000e+00,-1.00000000e+00,-1.00000000e+00,-1.00000000e+00,1.00000000e+00,1.00000000e+00,-1.00000000e+00,-1.00000000e+00
1960,2,1.00000000e+00,-1.00000000e+00,-1.00000000e+00,-1.00000000e+00,1.00000000e+00,1.00000000e+00,-1.00000000e+00,-1.00000000e+00
1960,3,1.00000000e+00,-1.00000000e+00,-1.00000000e+00,-1.00000000e+00,1.00000000e+00,-1.00000000e+00,-1.00000000e+00,1.00000000e+00
1960,4,-1.00000000e+00,1.00000000e+00,-1.00000000e+00,-1.00000000e+00,-1.00000000e+00,1.00000000e+00,-1.00000000e+00,1.00000000e+00
1960,5,1.00000000e+00,-1.00000000e+00,-1.00000000e+00,-1.00000000e+00,1.00000000e+00,1.00000000e+00,1.00000000e+00,1.00000000e+00
1960,6,1.00000000e+00,-1.00000000e+00,1.00000000e+00,-1.00000000e+00,-1.00000000e+00,1.00000000e+00,1.00000000e+00,-1.00000000e+00
1960,7,-1.00000000e+00,-1.00000000e+00,-1.00000000e+00,-1.00000000e+00,1.00000000e+00,-1.00000000e+00,-1.00000000e+00,1.00000000e+00
1960,8,1.00000000e+00,-1.00000000e+00,-1.00000000e+00,-1.00000000e+00,1.00000000e+00,-1.00000000e+00,-1.00000000e+00,-1.00000000e+00
1960,9,1.00000000e+00,1.00000000e+00,-1.00000000e+00,-1.00000000e+00,-1.00000000e+00,-1.00000000e+00,-1.00000000e+00,1.00000000e+00
1960,10,1.00000000e+00,-1.00000000e+00,-1.00000000e+00,-1.00000000e+00,1.00000000e+00,-1.00000000e+00,1.00000000e+00,1.00000000e+00
1960,11,-1.00000000e+00,1.00000000e+00,-1.00000000e+00,-1.00000000e+00,1.00000000e+00,-1.00000000e+00,1.00000000e+00,1.00000000e+00
1960,12,-1.00000000e+00,-1.00000000e+00,1.00000000e+00,-1.00000000e+00,-1.00000000e+00,1.00000000e+00,-1.00000000e+00,-1.00000000e+00
1961,1,1.00000000e+00,-1.00000000e+00,-1.00000000e+00,-1.00000000e+00,-1.00000000e+00,1.00000000e+00,1.00000000e+00,-1.00000000e+00
1961,2,-1.00000000e+00,1.00000000e+00,-1.00000000e+00,-1.00000000e+00,-1.00000000e+00,-1.00000000e+00,-1.00000000e+00,1.00000000e+00
1961,3,-1.00000000e+00,1.00000000e+00,1.00000000e+00,-1.00000000e+00,-1.00000000e+00,1.00000000e+00,1.00000000e+00,-1.00000000e+00
1961,4,-1.00000000e+00,1.00000000e+00,-1.00000000e+00,-1.00000000e+00,1.00000000e+00,-1.00000000e+00,-1.00000000e+00,-1.00000000e+00
1961,5,1.00000000e+00,1.00000000e+00,1.00000000e+00,-1.00000000e+00,-1.00000000e+00,-1.00000000e+00,1.00000000e+00,-1.00000000e+00
1961,6,-1.00000000e+00,1.00000000e+00,1.00000000e+00,-1.00000000e+00,-1.00000000e+00,-1.00000000e+00,1.00000000e+00,-1.00000000e+00
1961,7,-1.00000000e+00,-1.00000000e+00,-1.00000000e+00,-1.00000000e+00,1.00000000e+00,1.00000000e+00,-1.00000000e+00,-1.00000000e+00
1961,8,1.00000000e+00,1.00000000e+00,1.00000000e+00,-1.00000000e+00,-1.00000000e+00,1.00000000e+00,-1.00000000e+00,-1.00000000e+00
1961,9,1.00000000e+00,1.00000000e+00,-1.00000000e+00,-1.00000000e+00,-1.00000000e+00,-1.00000000e+00,-1.00000000e+00,1.00000000e+00
1961,10,1.00000000e+00,1.00000000e+00,-1.00000000e+00,-1.00000000e+00,-1.00000000e+00,-1.00000000e+00,-1.00000000e+00,1.00000000e+00
1961,11,-1.00000000e+00,1.00000000e+00,1.00000000e+00,-1.00000000e+00,-1.00000000e+00,-1.00000000e+00,-1.00000000e+00,1.00000000e+00
1961,12,1.00000000e+00,-1.00000000e+00,-1.00000000e+00,-1.00000000e+00,1.00000000e+00,-1.00000000e+00,-1.00000000e+00,-1.00000000e+00
1962,1,1.00000000e+00,1.00000000e+00,-1.00000000e+00,-1.00000000e+00,-1.00000000e+00,-1.00000000e+00,-1.00000000e+00,-1.00000000e+00
1962,2,1.00000000e+00,-1.00000000e+00,1.00000000e+00,-1.00000000e+00,-1.00000000e+00,-1.00000000e+00,1.00000000e+00,-1.00000000e+00
1962,3,-1.00000000e+00,-1.00000000e+00,-1.00000000e+00,-1.00000000e+00,1.00000000e+00,-1.00000000e+00,1.00000000e+00,-1.00000000e+00
1962,4,-1.00000000e+00,1.00000000e+00,-1.00000000e+00,-1.00000000e+00,-1.00000000e+00,-1.00000000e+00,-1.00000000e+00,1.00000000e+00
1962,5,1.00000000e+00,1.00000000e+00,-1.00000000e+00,-1.00000000e+00,1.00000000e+00,-1.00000000e+00,-1.00000000e+00,-1.00000000e+00
1962,6,-1.00000000e+00,1.00000000e+00,1.00000000e+00,-1.00000000e+00,-1.00000000e+00,-1.00000000e+00,1.00000000e+00,-1.00000000e+00
1962,7,1.00000000e+00,-1.00000000e+00,-1.00000000e+00,-1.00000000e+00,1.00000000e+00,1.00000000e+00,-1.00000000e+00,-1.00000000e+00
1962,8,1.00000000e+00,1.00000000e+00,1.00000000e+00,-1.00000000e+00,-1.00000000e+00,-1.00000000e+00,-1.00000000e+00,-1.00000000e+00
1962,9,1.00000000e+00,1.00000000e+00,1.00000000e+00,-1.00000000e+00,-1.00000000e+00,-1.00000000e+00,1.00000000e+00,-1.00000000e+00
1962,10,-1.00000000e+00,1.00000000e+00,1.00000000e+00,-1.00000000e+00,-1.00000000e+00,1.00000000e+00,1.00000000e+00,1.00000000e+00
1962,11,-1.00000000e+00,-1.00000000e+00,1.00000000e+00,-1.00000000e+00,-1.00000000e+00,1.00000000e+00,1.00000000e+00,1.00000000e+00
1962,12,1.00000000e+00,-1.00000000e+00,1.00000000e+00,-1.00000000e+00,1.00000000e+00,1.00000000e+00,-1.00000000e+00,1.00000000e+00
1963,1,-1.00000000e+00,-1.00000000e+00,-1.00000000e+00,-1.00000000e+00,1.00000000e+00,1.00000000e+00,-1.00000000e+00,1.00000000e+00
1963,2,1.00000000e+00,-1.00000000e+00,-1.00000000e+00,-1.00000000e+00,1.00000000e+00,1.00000000e+00,-1.00000000e+00,-1.00000000e+00
1963,3,-1.00000000e+00,1.00000000e+00,-1.00000000e+00,-1.00000000e+00,-1.00000000e+00,-1.00000000e+00,1.00000000e+00,1.00000000e+00
1963,4,1.00000000e+00,1.00000000e+00,-1.00000000e+00,-1.00000000e+00,1.00000000e+00,-1.00000000e+00,-1.00000000e+00,1.00000000e+00
1963,5,1.00000000e+00,1.00000000e+00,1.00000000e+00,-1.00000000e+00,-1.00000000e+00,-1.00000000e+00,-1.00000000e+00,1.00000000e+00
1963,6,1.00000000e+00,1.00000000e+00,1.00000000e+00,-1.00000000e+00,1.00000000e+00,-1.00000000e+00,-1.00000000e+00,-1.00000000e+00
1963,7,-1.00000000e+00,1.00000000e+00,-1.00000000e+00,1.00000000e+00,1.00000000e+00,-1.00000000e+00,-1.00000000e+00,1.00000000e+00
1963,8,1.00000000e+00,-1.00000000e+00,1.00000000e+00,1.00000000e+00,1.00000000e+00,1.00000000e+00,-1.00000000e+00,-1.00000000e+00
1963,9,-1.00000000e+00,1.00000000e+00,1.00000000e+00,1.00000000e+00,-1.00000000e+00,1.00000000e+00,1.00000000e+00,1.00000000e+00
1963,10,1.00000000e+00,1.00000000e+00,1.00000000e+00,1.00000000e+00,-1.00000000e+00,-1.00000000e+00,-1.00000000e+00,-1.00000000e+00
1963,11,-1.00000000e+00,-1.00000000e+00,-1.00000000e+00,1.00000000e+00,1.00000000e+00,-1.00000000e+00,-1.00000000e+00,-1.00000000e+00
1963,12,-1.00000000e+00,-1.00000000e+00,-1.00000000e+00,1.00000000e+00,1.00000000e+00,1.00000000e+00,1.00000000e+00,1.00000000e+00
1964,1,-1.00000000e+00,1.00000000e+00,1.00000000e+00,1.00000000e+00,-1.00000000e+00,-1.00000000e+00,1.00000000e+00,1.00000000e+00
1964,2,-1.00000000e+00,-1.00000000e+00,-1.00000000e+00,1.00000000e+00,1.00000000e+00,1.00000000e+00,-1.00000000e+00,1.00000000e+00
1964,3,-1.00000000e+00,1.00000000e+00,-1.00000000e+00,-1.00000000e+00,-1.00000000e+00,-1.00000000e+00,-1.00000000e+00,1.00000000e+00
1964,4,1.00000000e+00,1.00000000e+00,-1.00000000e+00,-1.00000000e+00,-1.00000000e+00,-1.00000000e+00,-1.00000000e+00,1.00000000e+00
1964,5,1.00000000e+00,1.00000000e+00,-1.00000000e+00,-1.00000000e+00,-1.00000000e+00,-1.00000000e+00,-1.00000000e+00,1.00000000e+00
1964,6,-1.00000000e+00,1.00000000e+00,-1.00000000e+00,-1.00000000e+00,-1.00000000e+00,-1.00000000e+00,1.00000000e+00,1.00000000e+00
1964,7,-1.00000000e+00,1.00000000e+00,1.00000000e+00,-1.00000000e+00,-1.00000000e+00,-1.00000000e+00,1.00000000e+00,-1.00000000e+00
1964,8,-1.00000000e+00,-1.00000000e+00,-1.00000000e+00,-1.00000000e+00,1.00000000e+00,-1.00000000e+00,1.00000000e+00,1.00000000e+00
1964,9,-1.00000000e+00,1.00000000e+00,-1.00000000e+00,-1.00000000e+00,1.00000000e+00,-1.00000000e+00,-1.00000000e+00,-1.00000000e+00
1964,10,-1.00000000e+00,1.00000000e+00,1.00000000e+00,-1.00000000e+00,-1.00000000e+00,-1.00000000e+00,1.00000000e+00,1.00000000e+00
1964,11,-1.00000000e+00,1.00000000e+00,-1.00000000e+00,-1.00000000e+00,1.00000000e+00,-1.00000000e+00,1.00000000e+00,1.00000000e+00
1964,12,-1.00000000e+00,1.00000000e+00,1.00000000e+00,-1.00000000e+00,1.00000000e+00,-1.00000000e+00,1.00000000e+00,-1.00000000e+00
1965,1,-1.00000000e+00,-1.00000000e+00,-1.00000000e+00,-1.00000000e+00,1.00000000e+00,-1.00000000e+00,1.00000000e+00,-1.00000000e+00
1965,2,-1.00000000e+00,-1.00000000e+00,1.00000000e+00,-1.00000000e+00,1.00000000e+00,-1.00000000e+00,1.00000000e+00,1.00000000e+00
1965,3,-1.00000000e+00,-1.00000000e+00,-1.00000000e+00,-1.00000000e+00,1.00000000e+00,1.00000000e+00,1.00000000e+00,-1.00000000e+00
1965,4,1.00000000e+00,1.00000000e+00,1.00000000e+00,1.00000000e+00,-1.00000000e+00,-1.00000000e+00,-1.00000000e+00,1.00000000e+00
1965,5,-1.00000000e+00,1.00000000e+00,-1.00000000e+00,1.00000000e+00,1.00000000e+00,-1.00000000e+00,1.00000000e+00,-1.00000000e+00
1965,6,-1.00000000e+00,-1.00000000e+00,1.00000000e+00,1.00000000e+00,-1.00000000e+00,1.00000000e+00,1.00000000e+00,-1.00000000e+00
1965,7,1.00000000e+00,-1.00000000e+00,1.00000000e+00,1.00000000e+00,1.00000000e+00,1.00000000e+00,-1.00000000e+00,-1.00000000e+00
1965,8,-1.00000000e+00,-1.00000000e+00,-1.00000000e+00,1.00000000e+00,-1.00000000e+00,1.00000000e+00,-1.00000000e+00,-1.00000000e+00
1965,9,1.00000000e+00,-1.00000000e+00,-1.00000000e+00,1.00000000e+00,-1.00000000e+00,1.00000000e+00,-1.00000000e+00,1.00000000e+00
1965,10,1.00000000e+00,1.00000000e+00,1.00000000e+00,1.00000000e+00,-1.00000000e+00,1.00000000e+00,-1.00000000e+00,1.00000000e+00
1965,11,1.00000000e+00,-1.00000000e+00,-1.00000000e+00,1.00000000e+00,1.00000000e+00,-1.00000000e+00,1.00000000e+00,-1.00000000e+00
1965,12,-1.00000000e+00,1.00000000e+00,1.00000000e+00,1.00000000e+00,1.00000000e+00,-1.00000000e+00,-1.00000000e+00,-1.00000000e+00
1966,1,1.00000000e+00,-1.00000000e+00,-1.00000000e+00,1.00000000e+00,1.00000000e+00,1.00000000e+00,-1.00000000e+00,-1.00000000e+00
1966,2,-1.00000000e+00,-1.00000000e+00,-1.00000000e+00,1.00000000e+00,1.00000000e+00,-1.00000000e+00,-1.00000000e+00,-1.00000000e+00
1966,3,-1.00000000e+00,-1.00000000e+00,1.00000000e+00,1.00000000e+00,1.00000000e+00,-1.00000000e+00,-1.00000000e+00,-1.00000000e+00
1966,4,-1.00000000e+00,-1.00000000e+00,-1.00000000e+00,1.00000000e+00,1.00000000e+00,1.00000000e+00,1.00000000e+00,1.00000000e+00
1966,5,-1.00000000e+00,1.00000000e+00,-1.00000000e+00,1.00000000e+00,-1.00000000e+00,-1.00000000e+00,1.00000000e+00,1.00000000e+00
1966,6,-1.00000000e+00,1.00000000e+00,-1.00000000e+00,1.00000000e+00,-1.00000000e+00,1.00000000e+00,1.00000000e+00,1.00000000e+00
1966,7,1.00000000e+00,-1.00000000e+00,1.00000000e+00,1.00000000e+00,-1.00000000e+00,1.00000000e+00,1.00000000e+00,-1.00000000e+00
1966,8,1.00000000e+00,-1.00000000e+00,-1.00000000e+00,1.00000000e+00,1.00000000e+00,1.00000000e+00,-1.00000000e+00,-1.00000000e+00
1966,9,1.00000000e+00,-1.00000000e+00,1.00000000e+00,-1.00000000e+00,1.00000000e+00,1.00000000e+00,-1.00000000e+00,-1.00000000e+00
1966,10,1.00000000e+00,-1.00000000e+00,-1.00000000e+00,1.00000000e+00,1.00000000e+00,-1.00000000e+00,-1.00000000e+00,1.00000000e+00
1966,11,-1.00000000e+00,1.00000000e+00,1.00000000e+00,1.00000000e+00,-1.00000000e+00,-1.00000000e+00,1.00000000e+00,-1.00000000e+00
1966,12,-1.00000000e+00,-1.00000000e+00,1.00000000e+00,1.00000000e+00,-1.00000000e+00,1.00000000e+00,1.00000000e+00,-1.00000000e+00
1967,1,-1.00000000e+00,-1.00000000e+00,1.00000000e+00,-1.00000000e+00,1.00000000e+00,-1.00000000e+00,1.00000000e+00,1.00000000e+00
1967,2,-1.00000000e+00,1.00000000e+00,-1.00000000e+00,-1.00000000e+00,-1.00000000e+00,-1.00000000e+00,-1.00000000e+00,1.00000000e+00
1967,3,1.00000000e+00,1.00000000e+00,1.00000000e+00,-1.00000000e+00,-1.00000000e+00,-1.00000000e+00,-1.00000000e+00,-1.00000000e+00
1967,4,1.00000000e+00,1.00000000e+00,1.00000000e+00,-1.00000000e+00,-1.00000000e+00,-1.00000000e+00,-1.00000000e+00,1.00000000e+00
1967,5,-1.00000000e+00,1.00000000e+00,-1.00000000e+00,-1.00000000e+00,1.00000000e+00,-1.00000000e+00,-1.00000000e+00,1.00000000e+00
1967,6,-1.00000000e+00,1.00000000e+00,1.00000000e+00,-1.00000000e+00,-1.00000000e+00,1.00000000e+00,-1.00000000e+00,1.00000000e+00
1967,7,-1.00000000e+00,1.00000000e+00,-1.00000000e+00,-1.00000000e+00,-1.00000000e+00,-1.00000000e+00,-1.00000000e+00,-1.00000000e+00
1967,8,1.00000000e+00,-1.00000000e+00,1.00000000e+00,1.00000000e+00,-1.00000000e+00,1.00000000e+00,-1.00000000e+00,-1.00000000e+00
1967,9,-1.00000000e+00,-1.00000000e+00,1.00000000e+00,-1.00000000e+00,-1.00000000e+00,1.00000000e+00,1.00000000e+00,1.00000000e+00
1967,10,-1.00000000e+00,1.00000000e+00,1.00000000e+00,-1.00000000e+00,-1.00000000e+00,1.00000000e+00,-1.00000000e+00,-1.00000000e+00
1967,11,-1.00000000e+00,1.00000000e+00,1.00000000e+00,-1.00000000e+00,-1.00000000e+00,1.00000000e+00,1.00000000e+00,-1.00000000e+00
1967,12,-1.00000000e+00,-1.00000000e+00,1.00000000e+00,1.00000000e+00,1.00000000e+00,-1.00000000e+00,-1.00000000e+00,-1.00000000e+00
1968,1,-1.00000000e+00,1.00000000e+00,1.00000000e+00,-1.00000000e+00,1.00000000e+00,-1.00000000e+00,1.00000000e+00,-1.00000000e+00
1968,2,-1.00000000e+00,-1.00000000e+00,1.00000000e+00,-1.00000000e+00,1.00000000e+00,1.00000000e+00,1.00000000e+00,-1.00000000e+00
1968,3,1.00000000e+00,1.00000000e+00,1.00000000e+00,-1.00000000e+00,-1.00000000e+00,-1.00000000e+00,-1.00000000e+00,-1.00000000e+00
1968,4,1.00000000e+00,1.00000000e+00,-1.00000000e+00,-1.00000000e+00,1.00000000e+00,-1.00000000e+00,1.00000000e+00,1.00000000e+00
1968,5,-1.00000000e+00,-1.00000000e+00,-1.00000000e+00,-1.00000000e+00,1.00000000e+00,-1.00000000e+00,1.00000000e+00,-1.00000000e+00
1968,6,1.00000000e+00,1.00000000e+00,-1.00000000e+00,-1.00000000e+00,-1.00000000e+00,1.00000000e+00,1.00000000e+00,1.00000000e+00
1968,7,1.00000000e+00,-1.00000000e+00,-1.00000000e+00,-1.00000000e+00,1.00000000e+00,1.00000000e+00,-1.00000000e+00,1.00000000e+00
1968,8,1.00000000e+00,-1.00000000e+00,-1.00000000e+00,1.00000000e+00,1.00000000e+00,1.00000000e+00,1.00000000e+00,1.00000000e+00
1968,9,1.00000000e+00,-1.00000000e+00,-1.00000000e+00,1.00000000e+00,1.00000000e+00,-1.00000000e+00,1.00000000e+00,-1.00000000e+00
1968,10,-1.00000000e+00,-1.00000000e+00,1.00000000e+00,1.00000000e+00,1.00000000e+00,1.00000000e+00,1.00000000e+00,-1.00000000e+00
1968,11,-1.00000000e+00,-1.00000000e+00,-1.00000000e+00,1.00000000e+00,1.00000000e+00,1.00000000e+00,1.00000000e+00,1.00000000e+00
1968,12,-1.00000000e+00,1.00000000e+00,-1.00000000e+00,1.00000000e+00,1.00000000e+00,-1.00000000e+00,1.00000000e+00,1.00000000e+00
1969,1,-1.00000000e+00,-1.00000000e+00,-1.00000000e+00,1.00000000e+00,1.00000000e+00,-1.00000000e+00,-1.00000000e+00,1.00000000e+00
1969,2,-1.00000000e+00,-1.00000000e+00,1.00000000e+00,1.00000000e+00,1.00000000e+00,-1.00000000e+00,1.00000000e+00,-1.00000000e+00
1969,3,1.00000000e+00,-1.00000000e+00,-1.00000000e+00,1.00000000e+00,1.00000000e+00,1.00000000e+00,-1.00000000e+00,1.00000000e+00
1969,4,-1.00000000e+00,1.00000000e+00,-1.00000000e+00,1.00000000e+00,-1.00000000e+00,1.00000000e+00,1.00000000e+00,1.00000000e+00
1969,5,-1.00000000e+00,-1.00000000e+00,-1.00000000e+00,1.00000000e+00,1.00000000e+00,1.00000000e+00,-1.00000000e+00,1.00000000e+00
1969,6,-1.00000000e+00,-1.00000000e+00,-1.00000000e+00,1.00000000e+00,-1.00000000e+00,1.00000000e+00,1.00000000e+00,1.00000000e+00
1969,7,1.00000000e+00,1.00000000e+00,1.00000000e+00,1.00000000e+00,-1.00000000e+00,-1.00000000e+00,-1.00000000e+00,-1.00000000e+00
1969,8,-1.00000000e+00,-1.00000000e+00,-1.00000000e+00,1.00000000e+00,1.00000000e+00,-1.00000000e+00,-1.00000000e+00,1.00000000e+00
1969,9,-1.00000000e+00,1.00000000e+00,1.00000000e+00,1.00000000e+00,-1.00000000e+00,1.00000000e+00,1.00000000e+00,1.00000000e+00
1969,10,-1.00000000e+00,-1.00000000e+00,1.00000000e+00,1.00000000e+00,-1.00000000e+00,1.00000000e+00,1.00000000e+00,1.00000000e+00
1969,11,1.00000000e+00,-1.00000000e+00,1.00000000e+00,1.00000000e+00,1.00000000e+00,1.00000000e+00,-1.00000000e+00,-1.00000000e+00
1969,12,1.00000000e+00,-1.00000000e+00,1.00000000e+00,1.00000000e+00,1.00000000e+00,1.00000000e+00,1.00000000e+00,-1.00000000e+00
1970,1,-1.00000000e+00,-1.00000000e+00,-1.00000000e+00,1.00000000e+00,1.00000000e+00,1.00000000e+00,-1.00000000e+00,1.00000000e+00
1970,2,1.00000000e+00,-1.00000000e+00,1.00000000e+00,1.00000000e+00,1.00000000e+00,1.00000000e+00,1.00000000e+00,-1.00000000e+00
1970,3,1.00000000e+00,-1.00000000e+00,1.00000000e+00,1.00000000e+00,1.00000000e+00,1.00000000e+00,-1.00000000e+00,-1.00000000e+00
1970,4,1.00000000e+00,1.00000000e+00,-1.00000000e+00,1.00000000e+00,1.00000000e+00,-1.00000000e+00,-1.00000000e+00,-1.00000000e+00
1970,5,1.00000000e+00,1.00000000e+00,1.00000000e+00,-1.00000000e+00,-1.00000000e+00,-1.00000000e+00,1.00000000e+00,1.00000000e+00
1970,6,-1.00000000e+00,1.00000000e+00,-1.00000000e+00,-1.00000000e+00,-1.00000000e+00,1.00000000e+00,-1.00000000e+00,1.00000000e+00
1970,7,-1.00000000e+00,1.00000000e+00,1.00000000e+00,-1.00000000e+00,-1.00000000e+00,1.00000000e+00,1.00000000e+00,-1.00000000e+00
1970,8,1.00000000e+00,1.00000000e+00,-1.00000000e+00,-1.00000000e+00,-1.00000000e+00,-1.00000000e+00,-1.00000000e+00,1.00000000e+00
1970,9,1.00000000e+00,1.00000000e+00,-1.00000000e+00,-1.00000000e+00,-1.00000000e+00,-1.00000000e+00,1.00000000e+00,1.00000000e+00
1970,10,-1.00000000e+00,-1.00000000e+00,1.00000000e+00,-1.00000000e+00,1.00000000e+00,-1.00000000e+00,-1.00000000e+00,-1.00000000e+00
1970,11,1.00000000e+00,1.00000000e+00,-1.00000000e+00,-1.00000000e+00,1.00000000e+00,-1.00000000e+00,-1.00000000e+00,-1.00000000e+00
1970,12,-1.00000000e+00,1.00000000e+00,-1.00000000e+00,-1.00000000e+00,1.00000000e+00,-1.00000000e+00,-1.00000000e+00,1.00000000e+00
1971,1,-1.00000000e+00,1.00000000e+00,-1.00000000e+00,-1.00000000e+00,1.00000000e+00,-1.00000000e+00,-1.00000000e+00,1.00000000e+00
1971,2,1.00000000e+00,-1.00000000e+00,1.00000000e+00,-1.00000000e+00,-1.00000000e+00,1.00000000e+00,-1.00000000e+00,-1.00000000e+00
1971,3,1.00000000e+00,-1.00000000e+00,1.00000000e+00,-1.00000000e+00,1.00000000e+00,1.00000000e+00,-1.00000000e+00,-1.00000000e+00
1971,4,1.00000000e+00,-1.00000000e+00,1.00000000e+00,-1.00000000e+00,1.00000000e+00,-1.00000000e+00,-1.00000000e+00,-1.00000000e+00
1971,5,-1.00000000e+00,1.00000000e+00,1.00000000e+00,-1.00000000e+00,-1.00000000e+00,1.00000000e+00,1.00000000e+00,1.00000000e+00
1971,6,1.00000000e+00,-1.00000000e+00,-1.00000000e+00,-1.00000000e+00,1.00000000e+00,-1.00000000e+00,1.00000000e+00,-1.00000000e+00
1971,7,1.00000000e+00,-1.00000000e+00,-1.00000000e+00,-1.00000000e+00,1.00000000e+00,1.00000000e+00,-1.00000000e+00,1.00000000e+00
1971,8,1.00000000e+00,1.00000000e+00,1.00000000e+00,-1.00000000e+00,-1.00000000e+00,-1.00000000e+00,1.00000000e+00,1.00000000e+00
1971,9,1.00000000e+00,1.00000000e+00,1.00000000e+00,-1.00000000e+00,-1.00000000e+00,-1.00000000e+00,1.00000000e+00,1.00000000e+00
1971,10,-1.00000000e+00,1.00000000e+00,1.00000000e+00,-1.00000000e+00,-1.00000000e+00,-1.00000000e+00,1.00000000e+00,1.00000000e+00
1971,11,1.00000000e+00,1.00000000e+00,1.00000000e+00,-1.00000000e+00,-1.00000000e+00,1.00000000e+00,1.00000000e+00,-1.00000000e+00
1971,12,-1.00000000e+00,1.00000000e+00,-1.00000000e+00,-1.00000000e+00,-1.00000000e+00,-1.00000000e+00,1.00000000e+00,1.00000000e+00
1972,1,-1.00000000e+00,1.00000000e+00,-1.00000000e+00,-1.00000000e+00,-1.00000000e+00,-1.00000000e+00,1.00000000e+00,1.00000000e+00
1972,2,-1.00000000e+00,1.00000000e+00,-1.00000000e+00,-1.00000000e+00,-1.00000000e+00,-1.00000000e+00,-1.00000000e+00,1.00000000e+00
1972,3,-1.00000000e+00,1.00000000e+00,-1.00000000e+00,-1.00000000e+00,-1.00000000e+00,1.00000000e+00,-1.00000000e+00,1.00000000e+00
1972,4,-1.00000000e+00,1.00000000e+00,1.00000000e+00,-1.00000000e+00,-1.00000000e+00,-1.00000000e+00,1.00000000e+00,1.00000000e+00
1972,5,-1.00000000e+00,1.00000000e+00,-1.00000000e+00,1.00000000e+00,-1.00000000e+00,-1.00000000e+00,1.00000000e+00,1.00000000e+00
1972,6,-1.00000000e+00,1.00000000e+00,1.00000000e+00,1.00000000e+00,-1.00000000e+00,-1.00000000e+00,1.00000000e+00,-1.00000000e+00
1972,7,-1.00000000e+00,-1.00000000e+00,-1.00000000e+00,1.00000000e+00,-1.00000000e+00,1.00000000e+00,1.00000000e+00,1.00000000e+00
1972,8,-1.00000000e+00,-1.00000000e+00,1.00000000e+00,1.00000000e+00,-1.00000000e+00,1.00000000e+00,-1.00000000e+00,1.00000000e+00
1972,9,1.00000000e+00,-1.00000000e+00,-1.00000000e+00,1.00000000e+00,1.00000000e+00,-1.00000000e+00,-1.00000000e+00,1.00000000e+00
1972,10,-1.00000000e+00,1.00000000e+00,1.00000000e+00,1.00000000e+00,-1.00000000e+00,1.00000000e+00,1.00000000e+00,1.00000000e+00
1972,11,-1.00000000e+00,-1.00000000e+00,1.00000000e+00,1.00000000e+00,-1.00000000e+00,1.00000000e+00,-1.00000000e+00,-1.00000000e+00
1972,12,-1.00000000e+00,1.00000000e+00,-1.00000000e+00,1.00000000e+00,-1.00000000e+00,-1.00000000e+00,1.00000000e+00,1.00000000e+00
1973,1,-1.00000000e+00,1.00000000e+00,-1.00000000e+00,1.00000000e+00,-1.00000000e+00,-1.00000000e+00,-1.00000000e+00,1.00000000e+00
1973,2,1.00000000e+00,1.00000000e+00,1.00000000e+00,1.00000000e+00,-1.00000000e+00,1.00000000e+00,-1.00000000e+00,-1.00000000e+00
1973,3,1.00000000e+00,1.00000000e+00,1.00000000e+00,1.00000000e+00,-1.00000000e+00,1.00000000e+00,1.00000000e+00,1.00000000e+00
1973,4,-1.00000000e+00,-1.00000000e+00,1.00000000e+00,1.00000000e+00,1.00000000e+00,1.00000000e+00,1.00000000e+00,-1.00000000e+00
1973,5,-1.00000000e+00,1.00000000e+00,1.00000000e+00,1.00000000e+00,1.00000000e+00,1.00000000e+00,1.00000000e+00,-1.00000000e+00
1973,6,1.00000000e+00,1.00000000e+00,1.00000000e+00,-1.00000000e+00,-1.00000000e+00,1.00000000e+00,-1.00000000e+00,-1.00000000e+00
1973,7,1.00000000e+00,1.00000000e+00,1.00000000e+00,-1.00000000e+00,-1.00000000e+00,1.00000000e+00,-1.00000000e+00,1.00000000e+00
1973,8,1.00000000e+00,1.00000000e+00,1.00000000e+00,-1.00000000e+00,-1.00000000e+00,-1.00000000e+00,-1.00000000e+00,-1.00000000e+00
1973,9,1.00000000e+00,1.00000000e+00,-1.00000000e+00,-1.00000000e+00,-1.00000000e+00,1.00000000e+00,-1.00000000e+00,1.00000000e+00
1973,10,1.00000000e+00,1.00000000e+00,1.00000000e+00,-1.00000000e+00,1.00000000e+00,-1.00000000e+00,-1.00000000e+00,-1.00000000e+00
1973,11,1.00000000e+00,-1.00000000e+00,1.00000000e+00,-1.00000000e+00,1.00000000e+00,-1.00000000e+00,-1.00000000e+00,-1.00000000e+00
1973,12,1.00000000e+00,-1.00000000e+00,1.00000000e+00,-1.00000000e+00,-1.00000000e+00,1.00000000e+00,-1.00000000e+00,-1.00000000e+00
1974,1,1.00000000e+00,1.00000000e+00,-1.00000000e+00,-1.00000000e+00,-1.00000000e+00,-1.00000000e+00,-1.00000000e+00,1.00000000e+00
1974,2,1.00000000e+00,1.00000000e+00,-1.00000000e+00,-1.00000000e+00,-1.00000000e+00,-1.00000000e+00,-1.00000000e+00,-1.00000000e+00
1974,3,1.00000000e+00,1.00000000e+00,-1.00000000e+00,-1.00000000e+00,-1.00000000e+00,1.00000000e+00,1.00000000e+00,1.00000000e+00
1974,4,1.00000000e+00,1.00000000e+00,-1.00000000e+00,-1.00000000e+00,-1.00000000e+00,1.00000000e+00,-1.00000000e+00,1.00000000e+00
1974,5,-1.00000000e+00,-1.00000000e+00,-1.00000000e+00,-1.00000000e+00,1.00000000e+00,-1.00000000e+00,-1.00000000e+00,-1.00000000e+00
1974,6,-1.00000000e+00,1.00000000e+00,-1.00000000e+00,-1.00000000e+00,1.00000000e+00,-1.00000000e+00,1.00000000e+00,1.00000000e+00
1974,7,1.00000000e+00,-1.00000000e+00,1.00000000e+00,-1.00000000e+00,1.00000000e+00,1.00000000e+00,1.00000000e+00,-1.00000000e+00
1974,8,-1.00000000e+00,-1.00000000e+00,-1.00000000e+00,-1.00000000e+00,1.00000000e+00,1.00000000e+00,1.00000000e+00,1.00000000e+00
1974,9,1.00000000e+00,1.00000000e+00,-1.00000000e+00,-1.00000000e+00,-1.00000000e+00,1.00000000e+00,1.00000000e+00,-1.00000000e+00
1974,10,1.00000000e+00,-1.00000000e+00,1.00000000e+00,-1.00000000e+00,1.00000000e+00,1.00000000e+00,-1.00000000e+00,-1.00000000e+00
1974,11,-1.00000000e+00,1.00000000e+00,1.00000000e+00,-1.00000000e+00,-1.00000000e+00,1.00000000e+00,-1.00000000e+00,-1.00000000e+00
1974,12,-1.00000000e+00,1.00000000e+00,1.00000000e+00,-1.00000000e+00,-1.00000000e+00,1.00000000e+00,1.00000000e+00,-1.00000000e+00
1975,1,-1.00000000e+00,1.00000000e+00,-1.00000000e+00,-1.00000000e+00,-1.00000000e+00,-1.00000000e+00,-1.00000000e+00,1.00000000e+00
1975,2,1.00000000e+00,1.00000000e+00,-1.00000000e+00,-1.00000000e+00,-1.00000000e+00,-1.00000000e+00,-1.00000000e+00,1.00000000e+00
1975,3,1.00000000e+00,1.00000000e+00,-1.00000000e+00,-1.00000000e+00,-1.00000000e+00,-1.00000000e+00,-1.00000000e+00,1.00000000e+00
1975,4,1.00000000e+00,1.00000000e+00,1.00000000e+00,-1.00000000e+00,1.00000000e+00,-1.00000000e+00,-1.00000000e+00,-1.00000000e+00
1975,5,-1.00000000e+00,-1.00000000e+00,1.00000000e+00,-1.00000000e+00,1.00000000e+00,1.00000000e+00,1.00000000e+00,1.00000000e+00
1975,6,-1.00000000e+00,-1.00000000e+00,1.00000000e+00,-1.00000000e+00,1.00000000e+00,1.00000000e+00,-1.00000000e+00,-1.00000000e+00
1975,7,-1.00000000e+00,1.00000000e+00,1.00000000e+00,-1.00000000e+00,-1.00000000e+00,1.00000000e+00,1.00000000e+00,1.00000000e+00
1975,8,1.00000000e+00,1.00000000e+00,1.00000000e+00,-1.00000000e+00,1.00000000e+00,-1.00000000e+00,-1.00000000e+00,1.00000000e+00
1975,9,1.00000000e+00,1.00000000e+00,1.00000000e+00,-1.00000000e+00,-1.00000000e+00,1.00000000e+00,-1.00000000e+00,-1.00000000e+00
1975,10,1.00000000e+00,1.00000000e+00,-1.00000000e+00,-1.00000000e+00,1.00000000e+00,-1.00000000e+00,1.00000000e+00,1.00000000e+00
1975,11,-1.00000000e+00,1.00000000e+00,1.00000000e+00,-1.00000000e+00,-1.00000000e+00,-1.00000000e+00,1.00000000e+00,1.00000000e+00
1975,12,-1.00000000e+00,1.00000000e+00,1.00000000e+00,-1.00000000e+00,-1.00000000e+00,1.00000000e+00,1.00000000e+00,-1.00000000e+00
1976,1,-1.00000000e+00,-1.00000000e+00,1.00000000e+00,-1.00000000e+00,-1.00000000e+00,1.00000000e+00,1.00000000e+00,-1.00000000e+00
1976,2,1.00000000e+00,1.00000000e+00,-1.00000000e+00,-1.00000000e+00,-1.00000000e+00,-1.00000000e+00,-1.00000000e+00,1.00000000e+00
1976,3,1.00000000e+00,1.00000000e+00,-1.00000000e+00,-1.00000000e+00,-1.00000000e+00,-1.00000000e+00,-1.00000000e+00,1.00000000e+00
1976,4,1.00000000e+00,1.00000000e+00,1.00000000e+00,-1.00000000e+00,-1.00000000e+00,1.00000000e+00,-1.00000000e+00,-1.00000000e+00
1976,5,1.00000000e+00,1.00000000e+00,1.00000000e+00,-1.00000000e+00,-1.00000000e+00,1.00000000e+00,1.00000000e+00,-1.00000000e+00
1976,6,1.00000000e+00,1.00000000e+00,1.00000000e+00,-1.00000000e+00,-1.00000000e+00,-1.00000000e+00,1.00000000e+00,-1.00000000e+00
1976,7,1.00000000e+00,-1.00000000e+00,1.00000000e+00,1.00000000e+00,1.00000000e+00,1.00000000e+00,1.00000000e+00,1.00000000e+00
1976,8,1.00000000e+00,1.00000000e+00,1.00000000e+00,1.00000000e+00,-1.00000000e+00,1.00000000e+00,1.00000000e+00,1.00000000e+00
1976,9,1.00000000e+00,-1.00000000e+00,1.00000000e+00,1.00000000e+00,1.00000000e+00,1.00000000e+00,-1.00000000e+00,-1.00000000e+00
1976,10,1.00000000e+00,-1.00000000e+00,-1.00000000e+00,1.00000000e+00,-1.00000000e+00,1.00000000e+00,1.00000000e+00,1.00000000e+00
1976,11,-1.00000000e+00,-1.00000000e+00,-1.00000000e+00,1.00000000e+00,-1.00000000e+00,1.00000000e+00,1.00000000e+00,1.00000000e+00
1976,12,-1.00000000e+00,-1.00000000e+00,-1.00000000e+00,1.00000000e+00,1.00000000e+00,1.00000000e+00,1.00000000e+00,1.00000000e+00
1977,1,-1.00000000e+00,-1.00000000e+00,-1.00000000e+00,1.00000000e+00,1.00000000e+00,1.00000000e+00,1.00000000e+00,-1.00000000e+00
1977,2,1.00000000e+00,-1.00000000e+00,-1.00000000e+00,1.00000000e+00,1.00000000e+00,1.00000000e+00,-1.00000000e+00,-1.00000000e+00
1977,3,1.00000000e+00,1.00000000e+00,-1.00000000e+00,1.00000000e+00,1.00000000e+00,-1.00000000e+00,-1.00000000e+00,1.00000000e+00
1977,4,1.00000000e+00,1.00000000e+00,1.00000000e+00,1.00000000e+00,-1.00000000e+00,1.00000000e+00,1.00000000e+00,-1.00000000e+00
1977,5,1.00000000e+00,-1.00000000e+00,1.00000000e+00,1.00000000e+00,1.00000000e+00,1.00000000e+00,1.00000000e+00,-1.00000000e+00
1977,6,-1.00000000e+00,-1.00000000e+00,1.00000000e+00,1.00000000e+00,1.00000000e+00,1.00000000e+00,1.00000000e+00,-1.00000000e+00
1977,7,-1.00000000e+00,-1.00000000e+00,-1.00000000e+00,1.00000000e+00,1.00000000e+00,-1.00000000e+00,-1.00000000e+00,1.00000000e+00
1977,8,-1.00000000e+00,-1.00000000e+00,-1.00000000e+00,1.00000000e+00,1.00000000e+00,1.00000000e+00,1.00000000e+00,1.00000000e+00
1977,9,1.00000000e+00,1.00000000e+00,1.00000000e+00,1.00000000e+00,-1.00000000e+00,-1.00000000e+00,1.00000000e+00,-1.00000000e+00
1977,10,1.00000000e+00,1.00000000e+00,1.00000000e+00,1.00000000e+00,-1.00000000e+00,1.00000000e+00,1.00000000e+00,1.00000000e+00
1977,11,1.00000000e+00,-1.00000000e+00,1.00000000e+00,1.00000000e+00,1.00000000e+00,1.00000000e+00,1.00000000e+00,-1.00000000e+00
1977,12,1.00000000e+00,1.00000000e+00,-1.00000000e+00,1.00000000e+00,1.00000000e+00,-1.00000000e+00,1.00000000e+00,1.00000000e+00
1978,1,1.00000000e+00,-1.00000000e+00,1.00000000e+00,1.00000000e+00,-1.00000000e+00,1.00000000e+00,-1.00000000e+00,-1.00000000e+00
1978,2,1.00000000e+00,-1.00000000e+00,-1.00000000e+00,1.00000000e+00,1.00000000e+00,1.00000000e+00,-1.00000000e+00,-1.00000000e+00
1978,3,1.00000000e+00,1.00000000e+00,-1.00000000e+00,1.00000000e+00,-1.00000000e+00,1.00000000e+00,-1.00000000e+00,-1.00000000e+00
1978,4,1.00000000e+00,-1.00000000e+00,-1.00000000e+00,1.00000000e+00,1.00000000e+00,1.00000000e+00,-1.00000000e+00,1.00000000e+00
1978,5,1.00000000e+00,1.00000000e+00,-1.00000000e+00,-1.00000000e+00,-1.00000000e+00,-1.00000000e+00,-1.00000000e+00,1.00000000e+00
1978,6,1.00000000e+00,1.00000000e+00,1.00000000e+00,-1.00000000e+00,-1.00000000e+00,-1.00000000e+00,1.00000000e+00,-1.00000000e+00
1978,7,-1.00000000e+00,-1.00000000e+00,-1.00000000e+00,-1.00000000e+00,1.00000000e+00,-1.00000000e+00,1.00000000e+00,1.00000000e+00
1978,8,1.00000000e+00,-1.00000000e+00,1.00000000e+00,-1.00000000e+00,-1.00000000e+00,-1.00000000e+00,1.00000000e+00,1.00000000e+00
1978,9,1.00000000e+00,-1.00000000e+00,1.00000000e+00,-1.00000000e+00,1.00000000e+00,-1.00000000e+00,-1.00000000e+00,-1.00000000e+00
1978,10,1.00000000e+00,1.00000000e+00,1.00000000e+00,-1.00000000e+00,-1.00000000e+00,1.00000000e+00,1.00000000e+00,1.00000000e+00
1978,11,-1.00000000e+00,1.00000000e+00,-1.00000000e+00,1.00000000e+00,-1.00000000e+00,1.00000000e+00,-1.00000000e+00,1.00000000e+00
1978,12,1.00000000e+00,-1.00000000e+00,-1.00000000e+00,1.00000000e+00,1.00000000e+00,-1.00000000e+00,1.00000000e+00,1.00000000e+00
1979,1,1.00000000e+00,-1.00000000e+00,1.00000000e+00,1.00000000e+00,1.00000000e+00,-1.00000000e+00,-1.00000000e+00,-1.00000000e+00
1979,2,1.00000000e+00,1.00000000e+00,-1.00000000e+00,1.00000000e+00,1.00000000e+00,-1.00000000e+00,-1.00000000e+00,1.00000000e+00
1979,3,1.00000000e+00,-1.00000000e+00,1.00000000e+00,-1.00000000e+00,1.00000000e+00,1.00000000e+00,-1.00000000e+00,-1.00000000e+00
1979,4,1.00000000e+00,-1.00000000e+00,-1.00000000e+00,1.00000000e+00,1.00000000e+00,1.00000000e+00,-1.00000000e+00,-1.00000000e+00
1979,5,1.00000000e+00,-1.00000000e+00,1.00000000e+00,1.00000000e+00,1.00000000e+00,1.00000000e+00,-1.00000000e+00,-1.00000000e+00
1979,6,1.00000000e+00,1.00000000e+00,1.00000000e+00,1.00000000e+00,-1.00000000e+00,-1.00000000e+00,-1.00000000e+00,1.00000000e+00
1979,7,1.00000000e+00,-1.00000000e+00,1.00000000e+00,1.00000000e+00,-1.00000000e+00,-1.00000000e+00,-1.00000000e+00,-1.00000000e+00
1979,8,1.00000000e+00,-1.00000000e+00,1.00000000e+00,1.00000000e+00,-1.00000000e+00,1.00000000e+00,1.00000000e+00,-1.00000000e+00
1979,9,1.00000000e+00,-1.00000000e+00,1.00000000e+00,1.00000000e+00,-1.00000000e+00,1.00000000e+00,1.00000000e+00,-1.00000000e+00
1979,10,1.00000000e+00,-1.00000000e+00,-1.00000000e+00,1.00000000e+00,1.00000000e+00,1.00000000e+00,1.00000000e+00,1.00000000e+00
1979,11,-1.00000000e+00,1.00000000e+00,1.00000000e+00,1.00000000e+00,-1.00000000e+00,1.00000000e+00,-1.00000000e+00,-1.00000000e+00
1979,12,-1.00000000e+00,1.00000000e+00,-1.00000000e+00,1.00000000e+00,-1.00000000e+00,-1.00000000e+00,1.00000000e+00,1.00000000e+00
1980,1,-1.00000000e+00,-1.00000000e+00,-1.00000000e+00,1.00000000e+00,1.00000000e+00,-1.00000000e+00,1.00000000e+00,1.00000000e+00
1980,2,-1.00000000e+00,-1.00000000e+00,1.00000000e+00,1.00000000e+00,1.00000000e+00,1.00000000e+00,1.00000000e+00,1.00000000e+00
1980,3,-1.00000000e+00,-1.00000000e+00,-1.00000000e+00,1.00000000e+00,1.00000000e+00,1.00000000e+00,1.00000000e+00,1.00000000e+00
1980,4,-1.00000000e+00,-1.00000000e+00,1.00000000e+00,1.00000000e+00,-1.00000000e+00,1.00000000e+00,-1.00000000e+00,-1.00000000e+00
1980,5,-1.00000000e+00,-1.00000000e+00,-1.00000000e+00,1.00000000e+00,1.00000000e+00,1.00000000e+00,-1.00000000e+00,-1.00000000e+00
1980,6,1.00000000e+00,1.00000000e+00,1.00000000e+00,1.00000000e+00,-1.00000000e+00,-1.00000000e+00,-1.00000000e+00,-1.00000000e+00
1980,7,-1.00000000e+00,1.00000000e+00,-1.00000000e+00,1.00000000e+00,1.00000000e+00,-1.00000000e+00,1.00000000e+00,1.00000000e+00
1980,8,-1.00000000e+00,-1.00000000e+00,-1.00000000e+00,1.00000000e+00,1.00000000e+00,1.00000000e+00,-1.00000000e+00,-1.00000000e+00
1980,9,-1.00000000e+00,1.00000000e+00,-1.00000000e+00,1.00000000e+00,-1.00000000e+00,1.00000000e+00,1.00000000e+00,1.00000000e+00
1980,10,1.00000000e+00,-1.00000000e+00,1.00000000e+00,1.00000000e+00,1.00000000e+00,1.00000000e+00,-1.00000000e+00,-1.00000000e+00
1980,11,-1.00000000e+00,-1.00000000e+00,-1.00000000e+00,1.00000000e+00,1.00000000e+00,1.00000000e+00,1.00000000e+00,1.00000000e+00
1980,12,-1.00000000e+00,-1.00000000e+00,1.00000000e+00,-1.00000000e+00,-1.00000000e+00,1.00000000e+00,1.00000000e+00,-1.00000000e+00
1981,1,1.00000000e+00,-1.00000000e+00,1.00000000e+00,-1.00000000e+00,-1.00000000e+00,1.00000000e+00,-1.00000000e+00,-1.00000000e+00
1981,2,1.00000000e+00,-1.00000000e+00,1.00000000e+00,-1.00000000e+00,-1.00000000e+00,1.00000000e+00,1.00000000e+00,-1.00000000e+00
1981,3,-1.00000000e+00,-1.00000000e+00,-1.00000000e+00,1.00000000e+00,1.00000000e+00,1.00000000e+00,-1.00000000e+00,-1.00000000e+00
1981,4,-1.00000000e+00,1.00000000e+00,1.00000000e+00,1.00000000e+00,-1.00000000e+00,-1.00000000e+00,-1.00000000e+00,1.00000000e+00
1981,5,1.00000000e+00,1.00000000e+00,-1.00000000e+00,-1.00000000e+00,-1.00000000e+00,1.00000000e+00,1.00000000e+00,1.00000000e+00
1981,6,1.00000000e+00,-1.00000000e+00,1.00000000e+00,-1.00000000e+00,1.00000000e+00,1.00000000e+00,-1.00000000e+00,-1.00000000e+00
1981,7,-1.00000000e+00,1.00000000e+00,-1.00000000e+00,-1.00000000e+00,-1.00000000e+00,-1.00000000e+00,1.00000000e+00,1.00000000e+00
1981,8,-1.00000000e+00,-1.00000000e+00,1.00000000e+00,-1.00000000e+00,-1.00000000e+00,1.00000000e+00,1.00000000e+00,-1.00000000e+00
1981,9,-1.00000000e+00,-1.00000000e+00,-1.00000000e+00,1.00000000e+00,1.00000000e+00,-1.00000000e+00,1.00000000e+00,-1.00000000e+00
1981,10,1.00000000e+00,-1.00000000e+00,1.00000000e+00,-1.00000000e+00,1.00000000e+00,-1.00000000e+00,-1.00000000e+00,-1.00000000e+00
1981,11,1.00000000e+00,-1.00000000e+00,1.00000000e+00,-1.00000000e+00,-1.00000000e+00,1.00000000e+00,1.00000000e+00,-1.00000000e+00
1981,12,1.00000000e+00,-1.00000000e+00,1.00000000e+00,-1.00000000e+00,1.00000000e+00,-1.00000000e+00,-1.00000000e+00,-1.00000000e+00
1982,1,-1.00000000e+00,1.00000000e+00,-1.00000000e+00,-1.00000000e+00,1.00000000e+00,-1.00000000e+00,-1.00000000e+00,1.00000000e+00
1982,2,1.00000000e+00,1.00000000e+00,-1.00000000e+00,-1.00000000e+00,-1.00000000e+00,-1.00000000e+00,-1.00000000e+00,1.00000000e+00
1982,3,1.00000000e+00,1.00000000e+00,-1.00000000e+00,-1.00000000e+00,-1.00000000e+00,-1.00000000e+00,1.00000000e+00,1.00000000e+00
1982,4,1.00000000e+00,1.00000000e+00,1.00000000e+00,-1.00000000e+00,-1.00000000e+00,-1.00000000e+00,1.00000000e+00,1.00000000e+00
1982,5,1.00000000e+00,1.00000000e+00,1.00000000e+00,1.00000000e+00,1.00000000e+00,1.00000000e+00,1.00000000e+00,-1.00000000e+00
1982,6,1.00000000e+00,-1.00000000e+00,-1.00000000e+00,1.00000000e+00,1.00000000e+00,1.00000000e+00,-1.00000000e+00,-1.00000000e+00
1982,7,-1.00000000e+00,-1.00000000e+00,1.00000000e+00,1.00000000e+00,-1.00000000e+00,1.00000000e+00,-1.00000000e+00,1.00000000e+00
1982,8,1.00000000e+00,1.00000000e+00,1.00000000e+00,1.00000000e+00,-1.00000000e+00,1.00000000e+00,-1.00000000e+00,-1.00000000e+00
1982,9,1.00000000e+00,1.00000000e+00,1.00000000e+00,1.00000000e+00,-1.00000000e+00,1.00000000e+00,-1.00000000e+00,-1.00000000e+00
1982,10,-1.00000000e+00,1.00000000e+00,-1.00000000e+00,1.00000000e+00,1.00000000e+00,-1.00000000e+00,1.00000000e+00,1.00000000e+00
1982,11,-1.00000000e+00,1.00000000e+00,-1.00000000e+00,1.00000000e+00,-1.00000000e+00,1.00000000e+00,-1.00000000e+00,-1.00000000e+00
1982,12,-1.00000000e+00,1.00000000e+00,1.00000000e+00,1.00000000e+00,-1.00000000e+00,1.00000000e+00,1.00000000e+00,-1.00000000e+00
1983,1,-1.00000000e+00,1.00000000e+00,1.00000000e+00,1.00000000e+00,-1.00000000e+00,1.00000000e+00,1.00000000e+00,-1.00000000e+00
1983,2,-1.00000000e+00,-1.00000000e+00,1.00000000e+00,1.00000000e+00,1.00000000e+00,1.00000000e+00,1.00000000e+00,-1.00000000e+00
1983,3,1.00000000e+00,-1.00000000e+00,1.00000000e+00,1.00000000e+00,-1.00000000e+00,1.00000000e+00,-1.00000000e+00,-1.00000000e+00
1983,4,1.00000000e+00,-1.00000000e+00,1.00000000e+00,1.00000000e+00,1.00000000e+00,-1.00000000e+00,-1.00000000e+00,-1.00000000e+00
1983,5,-1.00000000e+00,1.00000000e+00,-1.00000000e+00,1.00000000e+00,1.00000000e+00,-1.00000000e+00,-1.00000000e+00,1.00000000e+00
1983,6,-1.00000000e+00,1.00000000e+00,1.00000000e+00,1.00000000e+00,-1.00000000e+00,1.00000000e+00,1.00000000e+00,-1.00000000e+00
1983,7,1.00000000e+00,-1.00000000e+00,1.00000000e+00,1.00000000e+00,-1.00000000e+00,1.00000000e+00,1.00000000e+00,1.00000000e+00
1983,8,1.00000000e+00,1.00000000e+00,1.00000000e+00,-1.00000000e+00,-1.00000000e+00,-1.00000000e+00,-1.00000000e+00,1.00000000e+00
1983,9,-1.00000000e+00,1.00000000e+00,-1.00000000e+00,-1.00000000e+00,1.00000000e+00,-1.00000000e+00,1.00000000e+00,1.00000000e+00
1983,10,1.00000000e+00,1.00000000e+00,1.00000000e+00,-1.00000000e+00,-1.00000000e+00,-1.00000000e+00,-1.00000000e+00,-1.00000000e+00
1983,11,1.00000000e+00,-1.00000000e+00,1.00000000e+00,-1.00000000e+00,1.00000000e+00,1.00000000e+00,1.00000000e+00,-1.00000000e+00
1983,12,1.00000000e+00,-1.00000000e+00,-1.00000000e+00,-1.00000000e+00,-1.00000000e+00,-1.00000000e+00,1.00000000e+00,1.00000000e+00
1984,1,-1.00000000e+00,1.00000000e+00,1.00000000e+00,-1.00000000e+00,-1.00000000e+00,1.00000000e+00,1.00000000e+00,-1.00000000e+00
1984,2,-1.00000000e+00,-1.00000000e+00,1.00000000e+00,-1.00000000e+00,-1.00000000e+00,1.00000000e+00,1.00000000e+00,-1.00000000e+00
1984,3,1.00000000e+00,-1.00000000e+00,1.00000000e+00,1.00000000e+00,1.00000000e+00,1.00000000e+00,-1.00000000e+00,-1.00000000e+00
1984,4,-1.00000000e+00,1.00000000e+00,1.00000000e+00,1.00000000e+00,-1.00000000e+00,1.00000000e+00,1.00000000e+00,1.00000000e+00
1984,5,-1.00000000e+00,1.00000000e+00,1.00000000e+00,-1.00000000e+00,-1.00000000e+00,1.00000000e+00,1.00000000e+00,1.00000000e+00
1984,6,1.00000000e+00,-1.00000000e+00,1.00000000e+00,-1.00000000e+00,1.00000000e+00,-1.00000000e+00,-1.00000000e+00,-1.00000000e+00
1984,7,1.00000000e+00,-1.00000000e+00,1.00000000e+00,-1.00000000e+00,1.00000000e+00,-1.00000000e+00,-1.00000000e+00,-1.00000000e+00
1984,8,-1.00000000e+00,1.00000000e+00,1.00000000e+00,-1.00000000e+00,-1.00000000e+00,-1.00000000e+00,1.00000000e+00,1.00000000e+00
1984,9,1.00000000e+00,-1.00000000e+00,1.00000000e+00,1.00000000e+00,-1.00000000e+00,-1.00000000e+00,1.00000000e+00,-1.00000000e+00
1984,10,1.00000000e+00,-1.00000000e+00,-1.00000000e+00,-1.00000000e+00,1.00000000e+00,-1.00000000e+00,1.00000000e+00,-1.00000000e+00
1984,11,1.00000000e+00,-1.00000000e+00,-1.00000000e+00,-1.00000000e+00,1.00000000e+00,1.00000000e+00,-1.00000000e+00,1.00000000e+00
1984,12,-1.00000000e+00,1.00000000e+00,-1.00000000e+00,-1.00000000e+00,-1.00000000e+00,-1.00000000e+00,-1.00000000e+00,1.00000000e+00
1985,1,-1.00000000e+00,-1.00000000e+00,-1.00000000e+00,-1.00000000e+00,1.00000000e+00,1.00000000e+00,1.00000000e+00,-1.00000000e+00
1985,2,1.00000000e+00,1.00000000e+00,-1.00000000e+00,-1.00000000e+00,1.00000000e+00,-1.00000000e+00,-1.00000000e+00,1.00000000e+00
1985,3,-1.00000000e+00,1.00000000e+00,-1.00000000e+00,-1.00000000e+00,-1.00000000e+00,-1.00000000e+00,-1.00000000e+00,1.00000000e+00
1985,4,1.00000000e+00,1.00000000e+00,-1.00000000e+00,-1.00000000e+00,-1.00000000e+00,-1.00000000e+00,-1.00000000e+00,-1.00000000e+00
1985,5,1.00000000e+00,1.00000000e+00,-1.00000000e+00,-1.00000000e+00,1.00000000e+00,-1.00000000e+00,-1.00000000e+00,1.00000000e+00
1985,6,1.00000000e+00,-1.00000000e+00,-1.00000000e+00,-1.00000000e+00,1.00000000e+00,1.00000000e+00,-1.00000000e+00,-1.00000000e+00
1985,7,1.00000000e+00,-1.00000000e+00,1.00000000e+00,-1.00000000e+00,-1.00000000e+00,1.00000000e+00,1.00000000e+00,-1.00000000e+00
1985,8,1.00000000e+00,1.00000000e+00,-1.00000000e+00,-1.00000000e+00,1.00000000e+00,-1.00000000e+00,-1.00000000e+00,-1.00000000e+00
1985,9,1.00000000e+00,1.00000000e+00,1.00000000e+00,-1.00000000e+00,1.00000000e+00,1.00000000e+00,-1.00000000e+00,-1.00000000e+00
1985,10,1.00000000e+00,1.00000000e+00,-1.00000000e+00,1.00000000e+00,-1.00000000e+00,-1.00000000e+00,-1.00000000e+00,1.00000000e+00
1985,11,1.00000000e+00,-1.00000000e+00,-1.00000000e+00,1.00000000e+00,1.00000000e+00,-1.00000000e+00,-1.00000000e+00,-1.00000000e+00
1985,12,1.00000000e+00,-1.00000000e+00,-1.00000000e+00,-1.00000000e+00,1.00000000e+00,1.00000000e+00,-1.00000000e+00,-1.00000000e+00
1986,1,1.00000000e+00,-1.00000000e+00,1.00000000e+00,-1.00000000e+00,-1.00000000e+00,1.00000000e+00,-1.00000000e+00,-1.00000000e+00
1986,2,-1.00000000e+00,-1.00000000e+00,-1.00000000e+00,-1.00000000e+00,1.00000000e+00,1.00000000e+00,1.00000000e+00,1.00000000e+00
1986,3,-1.00000000e+00,1.00000000e+00,-1.00000000e+00,-1.00000000e+00,-1.00000000e+00,1.00000000e+00,1.00000000e+00,1.00000000e+00
1986,4,1.00000000e+00,1.00000000e+00,1.00000000e+00,-1.00000000e+00,1.00000000e+00,-1.00000000e+00,1.00000000e+00,-1.00000000e+00
1986,5,-1.00000000e+00,1.00000000e+00,-1.00000000e+00,-1.00000000e+00,1.00000000e+00,-1.00000000e+00,1.00000000e+00,-1.00000000e+00
1986,6,-1.00000000e+00,1.00000000e+00,1.00000000e+00,1.00000000e+00,-1.00000000e+00,1.00000000e+00,1.00000000e+00,1.00000000e+00
1986,7,1.00000000e+00,1.00000000e+00,1.00000000e+00,1.00000000e+00,-1.00000000e+00,1.00000000e+00,1.00000000e+00,-1.00000000e+00
1986,8,1.00000000e+00,-1.00000000e+00,1.00000000e+00,1.00000000e+00,1.00000000e+00,1.00000000e+00,1.00000000e+00,-1.00000000e+00
1986,9,1.00000000e+00,-1.00000000e+00,1.00000000e+00,1.00000000e+00,1.00000000e+00,-1.00000000e+00,1.00000000e+00,-1.00000000e+00
1986,10,1.00000000e+00,1.00000000e+00,1.00000000e+00,1.00000000e+00,-1.00000000e+00,1.00000000e+00,-1.00000000e+00,-1.00000000e+00
1986,11,-1.00000000e+00,1.00000000e+00,-1.00000000e+00,1.00000000e+00,-1.00000000e+00,1.00000000e+00,1.00000000e+00,-1.00000000e+00
1986,12,1.00000000e+00,1.00000000e+00,1.00000000e+00,1.00000000e+00,-1.00000000e+00,1.00000000e+00,-1.00000000e+00,-1.00000000e+00
1987,1,-1.00000000e+00,-1.00000000e+00,1.00000000e+00,1.00000000e+00,1.00000000e+00,1.00000000e+00,1.00000000e+00,1.00000000e+00
1987,2,-1.00000000e+00,-1.00000000e+00,1.00000000e+00,1.00000000e+00,1.00000000e+00,1.00000000e+00,1.00000000e+00,-1.00000000e+00
1987,3,-1.00000000e+00,-1.00000000e+00,1.00000000e+00,1.00000000e+00,1.00000000e+00,1.00000000e+00,1.00000000e+00,-1.00000000e+00
1987,4,1.00000000e+00,1.00000000e+00,1.00000000e+00,1.00000000e+00,-1.00000000e+00,1.00000000e+00,-1.00000000e+00,1.00000000e+00
1987,5,1.00000000e+00,1.00000000e+00,1.00000000e+00,1.00000000e+00,-1.00000000e+00,-1.00000000e+00,-1.00000000e+00,1.00000000e+00
1987,6,-1.00000000e+00,-1.00000000e+00,-1.00000000e+00,1.00000000e+00,1.00000000e+00,-1.00000000e+00,1.00000000e+00,-1.00000000e+00
1987,7,-1.00000000e+00,-1.00000000e+00,1.00000000e+00,1.00000000e+00,1.00000000e+00,1.00000000e+00,1.00000000e+00,-1.00000000e+00
1987,8,1.00000000e+00,-1.00000000e+00,1.00000000e+00,1.00000000e+00,1.00000000e+00,1.00000000e+00,-1.00000000e+00,-1.00000000e+00
1987,9,-1.00000000e+00,1.00000000e+00,-1.00000000e+00,1.00000000e+00,1.00000000e+00,-1.00000000e+00,-1.00000000e+00,-1.00000000e+00
1987,10,1.00000000e+00,1.00000000e+00,-1.00000000e+00,1.00000000e+00,-1.00000000e+00,1.00000000e+00,-1.00000000e+00,1.00000000e+00
1987,11,1.00000000e+00,-1.00000000e+00,1.00000000e+00,1.00000000e+00,-1.00000000e+00,1.00000000e+00,1.00000000e+00,1.00000000e+00
1987,12,1.00000000e+00,-1.00000000e+00,-1.00000000e+00,1.00000000e+00,1.00000000e+00,-1.00000000e+00,1.00000000e+00,1.00000000e+00
1988,1,-1.00000000e+00,1.00000000e+00,-1.00000000e+00,1.00000000e+00,-1.00000000e+00,1.00000000e+00,-1.00000000e+00,-1.00000000e+00
1988,2,1.00000000e+00,-1.00000000e+00,1.00000000e+00,1.00000000e+00,-1.00000000e+00,1.00000000e+00,1.00000000e+00,-1.00000000e+00
1988,3,-1.00000000e+00,-1.00000000e+00,1.00000000e+00,1.00000000e+00,1.00000000e+00,1.00000000e+00,1.00000000e+00,-1.00000000e+00
1988,4,-1.00000000e+00,-1.00000000e+00,1.00000000e+00,1.00000000e+00,1.00000000e+00,1.00000000e+00,-1.00000000e+00,-1.00000000e+00
1988,5,-1.00000000e+00,-1.00000000e+00,-1.00000000e+00,-1.00000000e+00,1.00000000e+00,1.00000000e+00,-1.00000000e+00,1.00000000e+00
1988,6,-1.00000000e+00,-1.00000000e+00,1.00000000e+00,-1.00000000e+00,-1.00000000e+00,1.00000000e+00,-1.00000000e+00,1.00000000e+00
1988,7,1.00000000e+00,-1.00000000e+00,-1.00000000e+00,-1.00000000e+00,-1.00000000e+00,1.00000000e+00,-1.00000000e+00,-1.00000000e+00
1988,8,-1.00000000e+00,1.00000000e+00,-1.00000000e+00,-1.00000000e+00,-1.00000000e+00,1.00000000e+00,-1.00000000e+00,-1.00000000e+00
1988,9,-1.00000000e+00,1.00000000e+00,-1.00000000e+00,-1.00000000e+00,-1.00000000e+00,-1.00000000e+00,-1.00000000e+00,-1.00000000e+00
1988,10,-1.00000000e+00,-1.00000000e+00,-1.00000000e+00,-1.00000000e+00,1.00000000e+00,1.00000000e+00,1.00000000e+00,1.00000000e+00
1988,11,1.00000000e+00,-1.00000000e+00,1.00000000e+00,-1.00000000e+00,1.00000000e+00,-1.00000000e+00,-1.00000000e+00,1.00000000e+00
1988,12,1.00000000e+00,1.00000000e+00,1.00000000e+00,-1.00000000e+00,-1.00000000e+00,1.00000000e+00,-1.00000000e+00,1.00000000e+00
1989,1,1.00000000e+00,1.00000000e+00,1.00000000e+00,-1.00000000e+00,-1.00000000e+00,-1.00000000e+00,-1.00000000e+00,1.00000000e+00
1989,2,1.00000000e+00,1.00000000e+00,-1.00000000e+00,-1.00000000e+00,-1.00000000e+00,-1.00000000e+00,-1.00000000e+00,1.00000000e+00
1989,3,1.00000000e+00,1.00000000e+00,-1.00000000e+00,-1.00000000e+00,-1.00000000e+00,-1.00000000e+00,1.00000000e+00,1.00000000e+00
1989,4,-1.00000000e+00,1.00000000e+00,-1.00000000e+00,-1.00000000e+00,-1.00000000e+00,-1.00000000e+00,-1.00000000e+00,1.00000000e+00
1989,5,1.00000000e+00,1.00000000e+00,1.00000000e+00,-1.00000000e+00,-1.00000000e+00,-1.00000000e+00,1.00000000e+00,-1.00000000e+00
1989,6,1.00000000e+00,1.00000000e+00,1.00000000e+00,-1.00000000e+00,-1.00000000e+00,-1.00000000e+00,-1.00000000e+00,-1.00000000e+00
1989,7,1.00000000e+00,1.00000000e+00,1.00000000e+00,-1.00000000e+00,-1.00000000e+00,-1.00000000e+00,-1.00000000e+00,1.00000000e+00
1989,8,-1.00000000e+00,-1.00000000e+00,-1.00000000e+00,-1.00000000e+00,-1.00000000e+00,1.00000000e+00,1.00000000e+00,1.00000000e+00
1989,9,-1.00000000e+00,1.00000000e+00,1.00000000e+00,-1.00000000e+00,-1.00000000e+00,1.00000000e+00,1.00000000e+00,1.00000000e+00
1989,10,1.00000000e+00,1.00000000e+00,1.00000000e+00,-1.00000000e+00,-1.00000000e+00,-1.00000000e+00,1.00000000e+00,1.00000000e+00
1989,11,1.00000000e+00,1.00000000e+00,-1.00000000e+00,-1.00000000e+00,-1.00000000e+00,-1.00000000e+00,-1.00000000e+00,1.00000000e+00
1989,12,-1.00000000e+00,-1.00000000e+00,-1.00000000e+00,1.00000000e+00,1.00000000e+00,1.00000000e+00,1.00000000e+00,1.00000000e+00
1990,1,-1.00000000e+00,1.00000000e+00,-1.00000000e+00,1.00000000e+00,-1.00000000e+00,-1.00000000e+00,-1.00000000e+00,1.00000000e+00
1990,2,1.00000000e+00,1.00000000e+00,-1.00000000e+00,1.00000000e+00,-1.00000000e+00,-1.00000000e+00,-1.00000000e+00,-1.00000000e+00
1990,3,1.00000000e+00,1.00000000e+00,1.00000000e+00,1.00000000e+00,-1.00000000e+00,1.00000000e+00,-1.00000000e+00,-1.00000000e+00
1990,4,-1.00000000e+00,1.00000000e+00,1.00000000e+00,1.00000000e+00,-1.00000000e+00,-1.00000000e+00,1.00000000e+00,-1.00000000e+00
1990,5,-1.00000000e+00,1.00000000e+00,-1.00000000e+00,1.00000000e+00,1.00000000e+00,1.00000000e+00,1.00000000e+00,1.00000000e+00
1990,6,1.00000000e+00,1.00000000e+00,-1.00000000e+00,1.00000000e+00,-1.00000000e+00,-1.00000000e+00,1.00000000e+00,-1.00000000e+00
1990,7,-1.00000000e+00,1.00000000e+00,-1.00000000e+00,1.00000000e+00,-1.00000000e+00,1.00000000e+00,1.00000000e+00,1.00000000e+00
1990,8,1.00000000e+00,-1.00000000e+00,1.00000000e+00,1.00000000e+00,-1.00000000e+00,1.00000000e+00,1.00000000e+00,-1.00000000e+00
1990,9,1.00000000e+00,-1.00000000e+00,1.00000000e+00,1.00000000e+00,-1.00000000e+00,1.00000000e+00,-1.00000000e+00,-1.00000000e+00
1990,10,1.00000000e+00,1.00000000e+00,-1.00000000e+00,1.00000000e+00,-1.00000000e+00,-1.00000000e+00,1.00000000e+00,1.00000000e+00
1990,11,-1.00000000e+00,1.00000000e+00,-1.00000000e+00,1.00000000e+00,1.00000000e+00,-1.00000000e+00,1.00000000e+00,1.00000000e+00
1990,12,-1.00000000e+00,1.00000000e+00,1.00000000e+00,1.00000000e+00,-1.00000000e+00,-1.00000000e+00,1.00000000e+00,1.00000000e+00
1991,1,1.00000000e+00,1.00000000e+00,-1.00000000e+00,1.00000000e+00,-1.00000000e+00,-1.00000000e+00,1.00000000e+00,1.00000000e+00
1991,2,-1.00000000e+00,-1.00000000e+00,-1.00000000e+00,1.00000000e+00,-1.00000000e+00,1.00000000e+00,1.00000000e+00,1.00000000e+00
1991,3,1.00000000e+00,1.00000000e+00,-1.00000000e+00,1.00000000e+00,1.00000000e+00,-1.00000000e+00,1.00000000e+00,1.00000000e+00
1991,4,-1.00000000e+00,1.00000000e+00,1.00000000e+00,1.00000000e+00,-1.00000000e+00,1.00000000e+00,1.00000000e+00,-1.00000000e+00
1991,5,-1.00000000e+00,1.00000000e+00,1.00000000e+00,1.00000000e+00,-1.00000000e+00,1.00000000e+00,1.00000000e+00,-1.00000000e+00
1991,6,-1.00000000e+00,1.00000000e+00,-1.00000000e+00,1.00000000e+00,1.00000000e+00,-1.00000000e+00,1.00000000e+00,-1.00000000e+00
1991,7,-1.00000000e+00,-1.00000000e+00,-1.00000000e+00,1.00000000e+00,1.00000000e+00,1.00000000e+00,-1.00000000e+00,1.00000000e+00
1991,8,-1.00000000e+00,1.00000000e+00,1.00000000e+00,1.00000000e+00,-1.00000000e+00,1.00000000e+00,1.00000000e+00,1.00000000e+00
1991,9,-1.00000000e+00,-1.00000000e+00,1.00000000e+00,1.00000000e+00,1.00000000e+00,1.00000000e+00,1.00000000e+00,-1.00000000e+00
1991,10,-1.00000000e+00,1.00000000e+00,1.00000000e+00,1.00000000e+00,1.00000000e+00,-1.00000000e+00,1.00000000e+00,1.00000000e+00
1991,11,-1.00000000e+00,1.00000000e+00,1.00000000e+00,1.00000000e+00,-1.00000000e+00,1.00000000e+00,1.00000000e+00,-1.00000000e+00
1991,12,-1.00000000e+00,1.00000000e+00,1.00000000e+00,1.00000000e+00,-1.00000000e+00,-1.00000000e+00,1.00000000e+00,1.00000000e+00
1992,1,1.00000000e+00,1.00000000e+00,1.00000000e+00,1.00000000e+00,-1.00000000e+00,1.00000000e+00,1.00000000e+00,1.00000000e+00
1992,2,-1.00000000e+00,1.00000000e+00,1.00000000e+00,1.00000000e+00,-1.00000000e+00,-1.00000000e+00,1.00000000e+00,1.00000000e+00
1992,3,-1.00000000e+00,1.00000000e+00,1.00000000e+00,1.00000000e+00,-1.00000000e+00,1.00000000e+00,-1.00000000e+00,-1.00000000e+00
1992,4,-1.00000000e+00,1.00000000e+00,-1.00000000e+00,1.00000000e+00,-1.00000000e+00,1.00000000e+00,-1.00000000e+00,-1.00000000e+00
1992,5,-1.00000000e+00,1.00000000e+00,1.00000000e+00,1.00000000e+00,-1.00000000e+00,1.00000000e+00,1.00000000e+00,1.00000000e+00
1992,6,-1.00000000e+00,-1.00000000e+00,1.00000000e+00,1.00000000e+00,1.00000000e+00,1.00000000e+00,1.00000000e+00,1.00000000e+00
1992,7,-1.00000000e+00,1.00000000e+00,-1.00000000e+00,1.00000000e+00,-1.00000000e+00,1.00000000e+00,-1.00000000e+00,1.00000000e+00
1992,8,-1.00000000e+00,1.00000000e+00,-1.00000000e+00,1.00000000e+00,-1.00000000e+00,1.00000000e+00,1.00000000e+00,-1.00000000e+00
1992,9,1.00000000e+00,1.00000000e+00,-1.00000000e+00,1.00000000e+00,-1.00000000e+00,-1.00000000e+00,1.00000000e+00,1.00000000e+00
1992,10,1.00000000e+00,-1.00000000e+00,1.00000000e+00,1.00000000e+00,1.00000000e+00,1.00000000e+00,1.00000000e+00,-1.00000000e+00
1992,11,1.00000000e+00,1.00000000e+00,-1.00000000e+00,1.00000000e+00,-1.00000000e+00,1.00000000e+00,-1.00000000e+00,-1.00000000e+00
1992,12,1.00000000e+00,1.00000000e+00,-1.00000000e+00,1.00000000e+00,-1.00000000e+00,-1.00000000e+00,1.00000000e+00,1.00000000e+00
1993,1,-1.00000000e+00,1.00000000e+00,1.00000000e+00,1.00000000e+00,-1.00000000e+00,-1.00000000e+00,1.00000000e+00,1.00000000e+00
1993,2,1.00000000e+00,-1.00000000e+00,1.00000000e+00,1.00000000e+00,-1.00000000e+00,1.00000000e+00,-1.00000000e+00,1.00000000e+00
1993,3,-1.00000000e+00,1.00000000e+00,1.00000000e+00,1.00000000e+00,-1.00000000e+00,1.00000000e+00,1.00000000e+00,1.00000000e+00
1993,4,1.00000000e+00,-1.00000000e+00,1.00000000e+00,1.00000000e+00,-1.00000000e+00,1.00000000e+00,1.00000000e+00,-1.00000000e+00
1993,5,1.00000000e+00,-1.00000000e+00,-1.00000000e+00,1.00000000e+00,1.00000000e+00,1.00000000e+00,1.00000000e+00,-1.00000000e+00
1993,6,1.00000000e+00,-1.00000000e+00,1.00000000e+00,1.00000000e+00,1.00000000e+00,1.00000000e+00,-1.00000000e+00,-1.00000000e+00
1993,7,1.00000000e+00,-1.00000000e+00,-1.00000000e+00,1.00000000e+00,1.00000000e+00,1.00000000e+00,-1.00000000e+00,-1.00000000e+00
1993,8,1.00000000e+00,-1.00000000e+00,1.00000000e+00,1.00000000e+00,1.00000000e+00,1.00000000e+00,-1.00000000e+00,-1.00000000e+00
1993,9,1.00000000e+00,1.00000000e+00,-1.00000000e+00,1.00000000e+00,1.00000000e+00,1.00000000e+00,-1.00000000e+00,1.00000000e+00
1993,10,1.00000000e+00,-1.00000000e+00,-1.00000000e+00,1.00000000e+00,1.00000000e+00,1.00000000e+00,-1.00000000e+00,1.00000000e+00
1993,11,1.00000000e+00,1.00000000e+00,-1.00000000e+00,1.00000000e+00,-1.00000000e+00,-1.00000000e+00,1.00000000e+00,1.00000000e+00
1993,12,1.00000000e+00,-1.00000000e+00,1.00000000e+00,1.00000000e+00,-1.00000000e+00,1.00000000e+00,-1.00000000e+00,-1.00000000e+00
1994,1,1.00000000e+00,-1.00000000e+00,-1.00000000e+00,1.00000000e+00,-1.00000000e+00,-1.00000000e+00,-1.00000000e+00,-1.00000000e+00
1994,2,1.00000000e+00,1.00000000e+00,-1.00000000e+00,1.00000000e+00,1.00000000e+00,-1.00000000e+00,-1.00000000e+00,1.00000000e+00
1994,3,1.00000000e+00,1.00000000e+00,1.00000000e+00,-1.00000000e+00,-1.00000000e+00,1.00000000e+00,-1.00000000e+00,-1.00000000e+00
1994,4,-1.00000000e+00,1.00000000e+00,-1.00000000e+00,1.00000000e+00,-1.00000000e+00,1.00000000e+00,-1.00000000e+00,-1.00000000e+00
1994,5,-1.00000000e+00,-1.00000000e+00,1.00000000e+00,1.00000000e+00,1.00000000e+00,1.00000000e+00,1.00000000e+00,-1.00000000e+00
1994,6,-1.00000000e+00,1.00000000e+00,1.00000000e+00,1.00000000e+00,-1.00000000e+00,-1.00000000e+00,1.00000000e+00,-1.00000000e+00
1994,7,-1.00000000e+00,1.00000000e+00,-1.00000000e+00,1.00000000e+00,-1.00000000e+00,-1.00000000e+00,-1.00000000e+00,1.00000000e+00
1994,8,1.00000000e+00,1.00000000e+00,1.00000000e+00,1.00000000e+00,-1.00000000e+00,-1.00000000e+00,-1.00000000e+00,1.00000000e+00
1994,9,-1.00000000e+00,1.00000000e+00,1.00000000e+00,1.00000000e+00,1.00000000e+00,-1.00000000e+00,1.00000000e+00,-1.00000000e+00
1994,10,-1.00000000e+00,-1.00000000e+00,1.00000000e+00,1.00000000e+00,1.00000000e+00,1.00000000e+00,-1.00000000e+00,-1.00000000e+00
1994,11,-1.00000000e+00,1.00000000e+00,-1.00000000e+00,1.00000000e+00,-1.00000000e+00,-1.00000000e+00,1.00000000e+00,1.00000000e+00
1994,12,1.00000000e+00,1.00000000e+00,1.00000000e+00,1.00000000e+00,-1.00000000e+00,1.00000000e+00,-1.00000000e+00,-1.00000000e+00
1995,1,1.00000000e+00,-1.00000000e+00,1.00000000e+00,1.00000000e+00,-1.00000000e+00,1.00000000e+00,-1.00000000e+00,-1.00000000e+00
1995,2,1.00000000e+00,1.00000000e+00,-1.00000000e+00,1.00000000e+00,-1.00000000e+00,1.00000000e+00,-1.00000000e+00,-1.00000000e+00
1995,3,-1.00000000e+00,1.00000000e+00,1.00000000e+00,1.00000000e+00,-1.00000000e+00,-1.00000000e+00,1.00000000e+00,-1.00000000e+00
1995,4,1.00000000e+00,-1.00000000e+00,1.00000000e+00,1.00000000e+00,1.00000000e+00,1.00000000e+00,1.00000000e+00,-1.00000000e+00
1995,5,1.00000000e+00,-1.00000000e+00,-1.00000000e+00,1.00000000e+00,1.00000000e+00,1.00000000e+00,-1.00000000e+00,-1.00000000e+00
1995,6,-1.00000000e+00,-1.00000000e+00,1.00000000e+00,1.00000000e+00,1.00000000e+00,1.00000000e+00,1.00000000e+00,1.00000000e+00
1995,7,-1.00000000e+00,-1.00000000e+00,-1.00000000e+00,-1.00000000e+00,1.00000000e+00,1.00000000e+00,1.00000000e+00,1.00000000e+00
1995,8,-1.00000000e+00,1.00000000e+00,1.00000000e+00,-1.00000000e+00,-1.00000000e+00,-1.00000000e+00,-1.00000000e+00,1.00000000e+00
1995,9,1.00000000e+00,-1.00000000e+00,1.00000000e+00,-1.00000000e+00,-1.00000000e+00,1.00000000e+00,-1.00000000e+00,-1.00000000e+00
1995,10,1.00000000e+00,1.00000000e+00,-1.00000000e+00,-1.00000000e+00,-1.00000000e+00,1.00000000e+00,1.00000000e+00,1.00000000e+00
1995,11,1.00000000e+00,-1.00000000e+00,-1.00000000e+00,-1.00000000e+00,1.00000000e+00,-1.00000000e+00,-1.00000000e+00,1.00000000e+00
1995,12,1.00000000e+00,-1.00000000e+00,-1.00000000e+00,-1.00000000e+00,1.00000000e+00,1.00000000e+00,-1.00000000e+00,1.00000000e+00
1996,1,1.00000000e+00,-1.00000000e+00,-1.00000000e+00,-1.00000000e+00,1.00000000e+00,-1.00000000e+00,-1.00000000e+00,1.00000000e+00
1996,2,-1.00000000e+00,-1.00000000e+00,1.00000000e+00,-1.00000000e+00,1.00000000e+00,-1.00000000e+00,1.00000000e+00,-1.00000000e+00
1996,3,1.00000000e+00,-1.00000000e+00,-1.00000000e+00,-1.00000000e+00,1.00000000e+00,1.00000000e+00,1.00000000e+00,1.00000000e+00
1996,4,-1.00000000e+00,-1.00000000e+00,-1.00000000e+00,-1.00000000e+00,1.00000000e+00,1.00000000e+00,-1.00000000e+00,1.00000000e+00
1996,5,1.00000000e+00,1.00000000e+00,-1.00000000e+00,-1.00000000e+00,1.00000000e+00,-1.00000000e+00,1.00000000e+00,-1.00000000e+00
1996,6,-1.00000000e+00,1.00000000e+00,1.00000000e+00,-1.00000000e+00,-1.00000000e+00,-1.00000000e+00,1.00000000e+00,1.00000000e+00
1996,7,-1.00000000e+00,1.00000000e+00,1.00000000e+00,-1.00000000e+00,-1.00000000e+00,1.00000000e+00,-1.00000000e+00,-1.00000000e+00
1996,8,-1.00000000e+00,1.00000000e+00,-1.00000000e+00,-1.00000000e+00,-1.00000000e+00,-1.00000000e+00,1.00000000e+00,1.00000000e+00
1996,9,-1.00000000e+00,-1.00000000e+00,-1.00000000e+00,-1.00000000e+00,1.00000000e+00,1.00000000e+00,1.00000000e+00,1.00000000e+00
1996,10,1.00000000e+00,1.00000000e+00,-1.00000000e+00,-1.00000000e+00,1.00000000e+00,-1.00000000e+00,1.00000000e+00,-1.00000000e+00
1996,11,-1.00000000e+00,-1.00000000e+00,1.00000000e+00,-1.00000000e+00,1.00000000e+00,1.00000000e+00,1.00000000e+00,-1.00000000e+00
1996,12,-1.00000000e+00,-1.00000000e+00,-1.00000000e+00,-1.00000000e+00,1.00000000e+00,-1.00000000e+00,-1.00000000e+00,1.00000000e+00
1997,1,1.00000000e+00,1.00000000e+00,-1.00000000e+00,-1.00000000e+00,-1.00000000e+00,1.00000000e+00,1.00000000e+00,1.00000000e+00
1997,2,-1.00000000e+00,1.00000000e+00,-1.00000000e+00,-1.00000000e+00,-1.00000000e+00,1.00000000e+00,1.00000000e+00,-1.00000000e+00
1997,3,1.00000000e+00,1.00000000e+00,-1.00000000e+00,-1.00000000e+00,-1.00000000e+00,-1.00000000e+00,-1.00000000e+00,1.00000000e+00
1997,4,-1.00000000e+00,-1.00000000e+00,1.00000000e+00,1.00000000e+00,1.00000000e+00,1.00000000e+00,1.00000000e+00,-1.00000000e+00
1997,5,1.00000000e+00,-1.00000000e+00,1.00000000e+00,1.00000000e+00,1.00000000e+00,1.00000000e+00,-1.00000000e+00,-1.00000000e+00
1997,6,-1.00000000e+00,-1.00000000e+00,-1.00000000e+00,1.00000000e+00,1.00000000e+00,1.00000000e+00,-1.00000000e+00,1.00000000e+00
1997,7,1.00000000e+00,-1.00000000e+00,1.00000000e+00,1.00000000e+00,1.00000000e+00,1.00000000e+00,1.00000000e+00,1.00000000e+00
1997,8,1.00000000e+00,1.00000000e+00,-1.00000000e+00,1.00000000e+00,-1.00000000e+00,1.00000000e+00,1.00000000e+00,1.00000000e+00
1997,9,-1.00000000e+00,-1.00000000e+00,1.00000000e+00,1.00000000e+00,1.00000000e+00,1.00000000e+00,-1.00000000e+00,-1.00000000e+00
1997,10,-1.00000000e+00,-1.00000000e+00,1.00000000e+00,1.00000000e+00,1.00000000e+00,1.00000000e+00,-1.00000000e+00,-1.00000000e+00
1997,11,-1.00000000e+00,-1.00000000e+00,-1.00000000e+00,1.00000000e+00,1.00000000e+00,-1.00000000e+00,-1.00000000e+00,1.00000000e+00
1997,12,-1.00000000e+00,-1.00000000e+00,-1.00000000e+00,1.00000000e+00,1.00000000e+00,1.00000000e+00,-1.00000000e+00,1.00000000e+00
1998,1,1.00000000e+00,-1.00000000e+00,1.00000000e+00,1.00000000e+00,1.00000000e+00,1.00000000e+00,-1.00000000e+00,-1.00000000e+00
1998,2,-1.00000000e+00,-1.00000000e+00,1.00000000e+00,1.00000000e+00,-1.00000000e+00,1.00000000e+00,-1.00000000e+00,-1.00000000e+00
1998,3,1.00000000e+00,-1.00000000e+00,1.00000000e+00,1.00000000e+00,-1.00000000e+00,1.00000000e+00,-1.00000000e+00,-1.00000000e+00
1998,4,1.00000000e+00,1.00000000e+00,-1.00000000e+00,1.00000000e+00,1.00000000e+00,-1.00000000e+00,-1.00000000e+00,-1.00000000e+00
1998,5,-1.00000000e+00,1.00000000e+00,1.00000000e+00,1.00000000e+00,1.00000000e+00,-1.00000000e+00,-1.00000000e+00,-1.00000000e+00
1998,6,1.00000000e+00,-1.00000000e+00,-1.00000000e+00,1.00000000e+00,1.00000000e+00,1.00000000e+00,-1.00000000e+00,-1.00000000e+00
1998,7,1.00000000e+00,-1.00000000e+00,1.00000000e+00,-1.00000000e+00,1.00000000e+00,1.00000000e+00,1.00000000e+00,-1.00000000e+00
1998,8,1.00000000e+00,1.00000000e+00,1.00000000e+00,-1.00000000e+00,-1.00000000e+00,-1.00000000e+00,-1.00000000e+00,-1.00000000e+00
1998,9,1.00000000e+00,-1.00000000e+00,-1.00000000e+00,-1.00000000e+00,1.00000000e+00,-1.00000000e+00,-1.00000000e+00,1.00000000e+00
1998,10,1.00000000e+00,1.00000000e+00,1.00000000e+00,-1.00000000e+00,1.00000000e+00,-1.00000000e+00,1.00000000e+00,-1.00000000e+00
1998,11,1.00000000e+00,-1.00000000e+00,1.00000000e+00,-1.00000000e+00,1.00000000e+00,1.00000000e+00,-1.00000000e+00,-1.00000000e+00
1998,12,1.00000000e+00,1.00000000e+00,-1.00000000e+00,-1.00000000e+00,-1.00000000e+00,-1.00000000e+00,-1.00000000e+00,1.00000000e+00
1999,1,1.00000000e+00,1.00000000e+00,1.00000000e+00,-1.00000000e+00,-1.00000000e+00,-1.00000000e+00,-1.00000000e+00,-1.00000000e+00
1999,2,1.00000000e+00,-1.00000000e+00,1.00000000e+00,-1.00000000e+00,-1.00000000e+00,1.00000000e+00,-1.00000000e+00,-1.00000000e+00
1999,3,1.00000000e+00,-1.00000000e+00,1.00000000e+00,-1.00000000e+00,1.00000000e+00,-1.00000000e+00,-1.00000000e+00,-1.00000000e+00
1999,4,1.00000000e+00,1.00000000e+00,-1.00000000e+00,-1.00000000e+00,1.00000000e+00,-1.00000000e+00,-1.00000000e+00,-1.00000000e+00
1999,5,1.00000000e+00,1.00000000e+00,1.00000000e+00,-1.00000000e+00,-1.00000000e+00,-1.00000000e+00,-1.00000000e+00,-1.00000000e+00
1999,6,-1.00000000e+00,1.00000000e+00,-1.00000000e+00,-1.00000000e+00,-1.00000000e+00,-1.00000000e+00,1.00000000e+00,1.00000000e+00
1999,7,1.00000000e+00,1.00000000e+00,-1.00000000e+00,-1.00000000e+00,-1.00000000e+00,-1.00000000e+00,-1.00000000e+00,1.00000000e+00
1999,8,-1.00000000e+00,-1.00000000e+00,-1.00000000e+00,-1.00000000e+00,1.00000000e+00,1.00000000e+00,-1.00000000e+00,-1.00000000e+00
1999,9,-1.00000000e+00,1.00000000e+00,-1.00000000e+00,-1.00000000e+00,1.00000000e+00,1.00000000e+00,-1.00000000e+00,1.00000000e+00
1999,10,1.00000000e+00,1.00000000e+00,-1.00000000e+00,-1.00000000e+00,-1.00000000e+00,-1.00000000e+00,-1.00000000e+00,1.00000000e+00
1999,11,1.00000000e+00,1.00000000e+00,1.00000000e+00,-1.00000000e+00,-1.00000000e+00,-1.00000000e+00,-1.00000000e+00,1.00000000e+00
1999,12,1.00000000e+00,1.00000000e+00,1.00000000e+00,-1.00000000e+00,-1.00000000e+00,1.00000000e+00,1.00000000e+00,-1.00000000e+00
2000,1,1.00000000e+00,1.00000000e+00,1.00000000e+00,-1.00000000e+00,-1.00000000e+00,-1.00000000e+00,1.00000000e+00,-1.00000000e+00
2000,2,1.00000000e+00,-1.00000000e+00,1.00000000e+00,-1.00000000e+00,-1.00000000e+00,1.00000000e+00,-1.00000000e+00,-1.00000000e+00
2000,3,1.00000000e+00,-1.00000000e+00,1.00000000e+00,-1.00000000e+00,1.00000000e+00,1.00000000e+00,-1.00000000e+00,-1.00000000e+00
2000,4,1.00000000e+00,-1.00000000e+00,-1.00000000e+00,-1.00000000e+00,1.00000000e+00,1.00000000e+00,-1.00000000e+00,-1.00000000e+00
2000,5,1.00000000e+00,1.00000000e+00,1.00000000e+00,-1.00000000e+00,-1.00000000e+00,-1.00000000e+00,-1.00000000e+00,1.00000000e+00
2000,6,-1.00000000e+00,1.00000000e+00,-1.00000000e+00,-1.00000000e+00,-1.00000000e+00,-1.00000000e+00,-1.00000000e+00,1.00000000e+00
2000,7,-1.00000000e+00,-1.00000000e+00,-1.00000000e+00,-1.00000000e+00,1.00000000e+00,-1.00000000e+00,-1.00000000e+00,-1.00000000e+00
2000,8,-1.00000000e+00,-1.00000000e+00,-1.00000000e+00,-1.00000000e+00,1.00000000e+00,-1.00000000e+00,-1.00000000e+00,-1.00000000e+00
2000,9,-1.00000000e+00,1.00000000e+00,-1.00000000e+00,-1.00000000e+00,-1.00000000e+00,-1.00000000e+00,-1.00000000e+00,1.00000000e+00
2000,10,1.00000000e+00,1.00000000e+00,1.00000000e+00,-1.00000000e+00,-1.00000000e+00,1.00000000e+00,-1.00000000e+00,-1.00000000e+00
2000,11,-1.00000000e+00,-1.00000000e+00,-1.00000000e+00,-1.00000000e+00,1.00000000e+00,1.00000000e+00,-1.00000000e+00,-1.00000000e+00
2000,12,-1.00000000e+00,-1.00000000e+00,-1.00000000e+00,-1.00000000e+00,1.00000000e+00,1.00000000e+00,1.00000000e+00,1.00000000e+00
2001,1,-1.00000000e+00,-1.00000000e+00,1.00000000e+00,-1.00000000e+00,-1.00000000e+00,1.00000000e+00,1.00000000e+00,1.00000000e+00
2001,2,-1.00000000e+00,-1.00000000e+00,1.00000000e+00,-1.00000000e+00,-1.00000000e+00,-1.00000000e+00,1.00000000e+00,1.00000000e+00
2001,3,-1.00000000e+00,-1.00000000e+00,-1.00000000e+00,-1.00000000e+00,1.00000000e+00,1.00000000e+00,1.00000000e+00,-1.00000000e+00
2001,4,1.00000000e+00,1.00000000e+00,1.00000000e+00,-1.00000000e+00,-1.00000000e+00,-1.00000000e+00,-1.00000000e+00,-1.00000000e+00
2001,5,-1.00000000e+00,1.00000000e+00,1.00000000e+00,-1.00000000e+00,1.00000000e+00,1.00000000e+00,1.00000000e+00,-1.00000000e+00
2001,6,1.00000000e+00,1.00000000e+00,-1.00000000e+00,-1.00000000e+00,1.00000000e+00,-1.00000000e+00,-1.00000000e+00,-1.00000000e+00
2001,7,-1.00000000e+00,1.00000000e+00,-1.00000000e+00,-1.00000000e+00,1.00000000e+00,-1.00000000e+00,-1.00000000e+00,-1.00000000e+00
2001,8,1.00000000e+00,1.00000000e+00,1.00000000e+00,1.00000000e+00,-1.00000000e+00,-1.00000000e+00,1.00000000e+00,-1.00000000e+00
2001,9,1.00000000e+00,-1.00000000e+00,1.00000000e+00,-1.00000000e+00,1.00000000e+00,-1.00000000e+00,-1.00000000e+00,-1.00000000e+00
2001,10,1.00000000e+00,1.00000000e+00,-1.00000000e+00,-1.00000000e+00,-1.00000000e+00,-1.00000000e+00,1.00000000e+00,1.00000000e+00
2001,11,1.00000000e+00,-1.00000000e+00,1.00000000e+00,-1.00000000e+00,-1.00000000e+00,1.00000000e+00,1.00000000e+00,-1.00000000e+00
2001,12,1.00000000e+00,-1.00000000e+00,1.00000000e+00,1.00000000e+00,1.00000000e+00,1.00000000e+00,1.00000000e+00,-1.00000000e+00
2002,1,1.00000000e+00,1.00000000e+00,-1.00000000e+00,1.00000000e+00,-1.00000000e+00,-1.00000000e+00,1.00000000e+00,1.00000000e+00
2002,2,1.00000000e+00,1.00000000e+00,1.00000000e+00,-1.00000000e+00,-1.00000000e+00,1.00000000e+00,1.00000000e+00,-1.00000000e+00
2002,3,-1.00000000e+00,1.00000000e+00,-1.00000000e+00,-1.00000000e+00,1.00000000e+00,-1.00000000e+00,1.00000000e+00,1.00000000e+00
2002,4,-1.00000000e+00,1.00000000e+00,-1.00000000e+00,-1.00000000e+00,-1.00000000e+00,-1.00000000e+00,-1.00000000e+00,1.00000000e+00
2002,5,-1.00000000e+00,1.00000000e+00,-1.00000000e+00,-1.00000000e+00,1.00000000e+00,-1.00000000e+00,1.00000000e+00,1.00000000e+00
2002,6,-1.00000000e+00,1.00000000e+00,1.00000000e+00,1.00000000e+00,-1.00000000e+00,1.00000000e+00,1.00000000e+00,1.00000000e+00
2002,7,-1.00000000e+00,1.00000000e+00,1.00000000e+00,1.00000000e+00,-1.00000000e+00,1.00000000e+00,-1.00000000e+00,1.00000000e+00
2002,8,-1.00000000e+00,-1.00000000e+00,-1.00000000e+00,1.00000000e+00,1.00000000e+00,1.00000000e+00,-1.00000000e+00,1.00000000e+00
2002,9,-1.00000000e+00,1.00000000e+00,-1.00000000e+00,1.00000000e+00,1.00000000e+00,-1.00000000e+00,-1.00000000e+00,1.00000000e+00
2002,10,-1.00000000e+00,-1.00000000e+00,-1.00000000e+00,1.00000000e+00,1.00000000e+00,1.00000000e+00,1.00000000e+00,-1.00000000e+00
2002,11,-1.00000000e+00,-1.00000000e+00,-1.00000000e+00,1.00000000e+00,1.00000000e+00,1.00000000e+00,1.00000000e+00,-1.00000000e+00
2002,12,1.00000000e+00,-1.00000000e+00,-1.00000000e+00,1.00000000e+00,1.00000000e+00,1.00000000e+00,-1.00000000e+00,1.00000000e+00
2003,1,-1.00000000e+00,-1.00000000e+00,1.00000000e+00,1.00000000e+00,1.00000000e+00,1.00000000e+00,1.00000000e+00,-1.00000000e+00
2003,2,-1.00000000e+00,1.00000000e+00,-1.00000000e+00,1.00000000e+00,-1.00000000e+00,1.00000000e+00,1.00000000e+00,1.00000000e+00
2003,3,-1.00000000e+00,1.00000000e+00,-1.00000000e+00,1.00000000e+00,-1.00000000e+00,-1.00000000e+00,-1.00000000e+00,1.00000000e+00
2003,4,1.00000000e+00,1.00000000e+00,-1.00000000e+00,-1.00000000e+00,-1.00000000e+00,-1.00000000e+00,-1.00000000e+00,1.00000000e+00
2003,5,1.00000000e+00,1.00000000e+00,1.00000000e+00,-1.00000000e+00,-1.00000000e+00,-1.00000000e+00,-1.00000000e+00,-1.00000000e+00
2003,6,-1.00000000e+00,1.00000000e+00,-1.00000000e+00,-1.00000000e+00,1.00000000e+00,-1.00000000e+00,1.00000000e+00,1.00000000e+00
2003,7,1.00000000e+00,1.00000000e+00,-1.00000000e+00,1.00000000e+00,-1.00000000e+00,-1.00000000e+00,-1.00000000e+00,1.00000000e+00
2003,8,1.00000000e+00,-1.00000000e+00,1.00000000e+00,1.00000000e+00,1.00000000e+00,1.00000000e+00,1.00000000e+00,-1.00000000e+00
2003,9,-1.00000000e+00,-1.00000000e+00,1.00000000e+00,1.00000000e+00,1.00000000e+00,1.00000000e+00,1.00000000e+00,-1.00000000e+00
2003,10,1.00000000e+00,-1.00000000e+00,1.00000000e+00,1.00000000e+00,1.00000000e+00,1.00000000e+00,1.00000000e+00,-1.00000000e+00
2003,11,-1.00000000e+00,1.00000000e+00,-1.00000000e+00,1.00000000e+00,-1.00000000e+00,-1.00000000e+00,1.00000000e+00,1.00000000e+00
2003,12,-1.00000000e+00,-1.00000000e+00,1.00000000e+00,1.00000000e+00,1.00000000e+00,1.00000000e+00,1.00000000e+00,-1.00000000e+00
2004,1,1.00000000e+00,-1.00000000e+00,-1.00000000e+00,1.00000000e+00,1.00000000e+00,1.00000000e+00,1.00000000e+00,-1.00000000e+00
2004,2,-1.00000000e+00,-1.00000000e+00,1.00000000e+00,1.00000000e+00,1.00000000e+00,1.00000000e+00,-1.00000000e+00,1.00000000e+00
2004,3,1.00000000e+00,1.00000000e+00,-1.00000000e+00,-1.00000000e+00,-1.00000000e+00,-1.00000000e+00,1.00000000e+00,1.00000000e+00
2004,4,1.00000000e+00,-1.00000000e+00,-1.00000000e+00,-1.00000000e+00,-1.00000000e+00,1.00000000e+00,-1.00000000e+00,1.00000000e+00
2004,5,1.00000000e+00,1.00000000e+00,-1.00000000e+00,-1.00000000e+00,1.00000000e+00,-1.00000000e+00,-1.00000000e+00,-1.00000000e+00
2004,6,1.00000000e+00,-1.00000000e+00,-1.00000000e+00,-1.00000000e+00,1.00000000e+00,-1.00000000e+00,-1.00000000e+00,-1.00000000e+00
2004,7,1.00000000e+00,1.00000000e+00,1.00000000e+00,1.00000000e+00,-1.00000000e+00,1.00000000e+00,1.00000000e+00,-1.00000000e+00
2004,8,-1.00000000e+00,-1.00000000e+00,-1.00000000e+00,1.00000000e+00,1.00000000e+00,1.00000000e+00,1.00000000e+00,1.00000000e+00
2004,9,1.00000000e+00,1.00000000e+00,1.00000000e+00,1.00000000e+00,-1.00000000e+00,-1.00000000e+00,1.00000000e+00,-1.00000000e+00
2004,10,-1.00000000e+00,-1.00000000e+00,-1.00000000e+00,1.00000000e+00,1.00000000e+00,-1.00000000e+00,-1.00000000e+00,-1.00000000e+00
2004,11,-1.00000000e+00,1.00000000e+00,1.00000000e+00,1.00000000e+00,-1.00000000e+00,1.00000000e+00,1.00000000e+00,1.00000000e+00
2004,12,-1.00000000e+00,1.00000000e+00,1.00000000e+00,1.00000000e+00,-1.00000000e+00,-1.00000000e+00,1.00000000e+00,1.00000000e+00
2005,1,-1.00000000e+00,1.00000000e+00,1.00000000e+00,1.00000000e+00,-1.00000000e+00,-1.00000000e+00,-1.00000000e+00,-1.00000000e+00
2005,2,1.00000000e+00,-1.00000000e+00,1.00000000e+00,1.00000000e+00,1.00000000e+00,1.00000000e+00,-1.00000000e+00,-1.00000000e+00
2005,3,-1.00000000e+00,-1.00000000e+00,-1.00000000e+00,1.00000000e+00,1.00000000e+00,1.00000000e+00,1.00000000e+00,1.00000000e+00
2005,4,1.00000000e+00,-1.00000000e+00,1.00000000e+00,1.00000000e+00,1.00000000e+00,1.00000000e+00,-1.00000000e+00,-1.00000000e+00
2005,5,-1.00000000e+00,-1.00000000e+00,1.00000000e+00,1.00000000e+00,1.00000000e+00,1.00000000e+00,1.00000000e+00,-1.00000000e+00
2005,6,-1.00000000e+00,-1.00000000e+00,-1.00000000e+00,1.00000000e+00,1.00000000e+00,-1.00000000e+00,1.00000000e+00,1.00000000e+00
2005,7,-1.00000000e+00,1.00000000e+00,1.00000000e+00,1.00000000e+00,1.00000000e+00,-1.00000000e+00,-1.00000000e+00,1.00000000e+00
2005,8,1.00000000e+00,1.00000000e+00,1.00000000e+00,1.00000000e+00,-1.00000000e+00,-1.00000000e+00,1.00000000e+00,-1.00000000e+00
2005,9,1.00000000e+00,1.00000000e+00,1.00000000e+00,1.00000000e+00,-1.00000000e+00,-1.00000000e+00,-1.00000000e+00,-1.00000000e+00
2005,10,-1.00000000e+00,1.00000000e+00,-1.00000000e+00,-1.00000000e+00,1.00000000e+00,-1.00000000e+00,-1.00000000e+00,1.00000000e+00
2005,11,-1.00000000e+00,-1.00000000e+00,1.00000000e+00,-1.00000000e+00,1.00000000e+00,-1.00000000e+00,-1.00000000e+00,-1.00000000e+00
2005,12,-1.00000000e+00,-1.00000000e+00,1.00000000e+00,-1.00000000e+00,1.00000000e+00,1.00000000e+00,-1.00000000e+00,-1.00000000e+00
